-- MySQL dump 10.10
--
-- Host: localhost    Database: cricvibe_development
-- ------------------------------------------------------
-- Server version	5.0.22-community-nt

/*!40101 SET @OLD_CHARACTER_SET_CLIENT=@@CHARACTER_SET_CLIENT */;
/*!40101 SET @OLD_CHARACTER_SET_RESULTS=@@CHARACTER_SET_RESULTS */;
/*!40101 SET @OLD_COLLATION_CONNECTION=@@COLLATION_CONNECTION */;
/*!40101 SET NAMES utf8 */;
/*!40103 SET @OLD_TIME_ZONE=@@TIME_ZONE */;
/*!40103 SET TIME_ZONE='+00:00' */;
/*!40014 SET @OLD_UNIQUE_CHECKS=@@UNIQUE_CHECKS, UNIQUE_CHECKS=0 */;
/*!40014 SET @OLD_FOREIGN_KEY_CHECKS=@@FOREIGN_KEY_CHECKS, FOREIGN_KEY_CHECKS=0 */;
/*!40101 SET @OLD_SQL_MODE=@@SQL_MODE, SQL_MODE='NO_AUTO_VALUE_ON_ZERO' */;
/*!40111 SET @OLD_SQL_NOTES=@@SQL_NOTES, SQL_NOTES=0 */;

--
-- Current Database: `cricvibe_development`
--

CREATE DATABASE /*!32312 IF NOT EXISTS*/ `cricvibe_development` /*!40100 DEFAULT CHARACTER SET latin1 */;

USE `cricvibe_development`;

--
-- Table structure for table `batting_performances`
--

DROP TABLE IF EXISTS `batting_performances`;
CREATE TABLE `batting_performances` (
  `id` int(11) NOT NULL auto_increment,
  `runs` int(11) default NULL,
  `balls` int(11) default NULL,
  `mins` int(11) default NULL,
  `fours` int(11) default NULL,
  `sixes` int(11) default NULL,
  `singles` int(11) default NULL,
  `doubles` int(11) default NULL,
  `triples` int(11) default NULL,
  `dot_balls` int(11) default NULL,
  `created_at` datetime default NULL,
  `updated_at` datetime default NULL,
  `player_id` int(11) default NULL,
  `inning_id` int(11) default NULL,
  `position` int(11) default NULL,
  PRIMARY KEY  (`id`)
) ENGINE=InnoDB DEFAULT CHARSET=latin1;

--
-- Dumping data for table `batting_performances`
--


/*!40000 ALTER TABLE `batting_performances` DISABLE KEYS */;
LOCK TABLES `batting_performances` WRITE;
INSERT INTO `batting_performances` VALUES (310,45,50,NULL,4,2,NULL,NULL,NULL,NULL,'2011-03-18 06:27:47','2011-03-18 22:36:58',66,95,NULL),(311,66,NULL,NULL,NULL,NULL,NULL,NULL,NULL,NULL,'2011-03-18 23:58:29','2011-03-19 07:48:25',64,95,NULL),(312,34,NULL,NULL,NULL,NULL,NULL,NULL,NULL,NULL,'2011-03-19 00:10:10','2011-03-19 07:48:25',64,95,NULL),(313,33,23,NULL,2,1,NULL,NULL,NULL,NULL,'2011-03-19 07:37:44','2011-03-19 07:38:46',45,96,NULL),(314,66,78,NULL,3,1,NULL,NULL,NULL,NULL,'2011-03-20 07:43:12','2011-03-20 07:52:01',45,100,NULL),(315,34,45,NULL,2,2,NULL,NULL,NULL,NULL,'2011-03-20 07:43:25','2011-03-20 07:52:01',46,100,NULL),(316,44,54,NULL,3,2,NULL,NULL,NULL,NULL,'2011-03-20 08:10:51','2011-03-20 08:12:00',45,102,NULL),(317,NULL,NULL,NULL,NULL,NULL,NULL,NULL,NULL,NULL,'2011-03-21 03:23:28','2011-03-21 03:23:39',47,103,NULL),(318,NULL,NULL,NULL,NULL,NULL,NULL,NULL,NULL,NULL,'2011-03-21 03:28:45','2011-03-21 03:28:55',203,104,NULL),(319,NULL,NULL,NULL,NULL,NULL,NULL,NULL,NULL,NULL,'2011-03-21 03:28:50','2011-03-21 03:28:55',204,104,NULL),(320,NULL,NULL,NULL,NULL,NULL,NULL,NULL,NULL,NULL,'2011-04-02 06:20:25','2011-04-02 06:20:25',NULL,110,NULL);
UNLOCK TABLES;
/*!40000 ALTER TABLE `batting_performances` ENABLE KEYS */;

--
-- Table structure for table `bowling_performances`
--

DROP TABLE IF EXISTS `bowling_performances`;
CREATE TABLE `bowling_performances` (
  `id` int(11) NOT NULL auto_increment,
  `overs` float default NULL,
  `wickets` int(11) default NULL,
  `runs` int(11) default NULL,
  `maidens` int(11) default NULL,
  `wides` int(11) default NULL,
  `noballs` int(11) default NULL,
  `legbyes` int(11) default NULL,
  `extras` int(11) default NULL,
  `created_at` datetime default NULL,
  `updated_at` datetime default NULL,
  `player_id` int(11) default NULL,
  `inning_id` int(11) default NULL,
  PRIMARY KEY  (`id`)
) ENGINE=InnoDB DEFAULT CHARSET=latin1;

--
-- Dumping data for table `bowling_performances`
--


/*!40000 ALTER TABLE `bowling_performances` DISABLE KEYS */;
LOCK TABLES `bowling_performances` WRITE;
INSERT INTO `bowling_performances` VALUES (1,NULL,NULL,NULL,NULL,NULL,NULL,NULL,NULL,'2011-03-09 11:03:50','2011-03-09 11:03:50',NULL,1),(2,NULL,NULL,NULL,NULL,NULL,NULL,NULL,NULL,'2011-03-09 11:03:50','2011-03-09 11:03:50',NULL,1),(3,NULL,NULL,NULL,NULL,NULL,NULL,NULL,NULL,'2011-03-09 11:03:50','2011-03-09 11:03:50',NULL,1),(4,NULL,NULL,NULL,NULL,NULL,NULL,NULL,NULL,'2011-03-09 11:03:50','2011-03-09 11:03:50',NULL,1),(5,NULL,NULL,NULL,NULL,NULL,NULL,NULL,NULL,'2011-03-09 11:03:50','2011-03-09 11:03:50',NULL,1),(6,NULL,NULL,NULL,NULL,NULL,NULL,NULL,NULL,'2011-03-09 11:03:50','2011-03-09 11:03:50',NULL,1),(7,NULL,NULL,NULL,NULL,NULL,NULL,NULL,NULL,'2011-03-09 11:03:51','2011-03-09 11:03:51',NULL,1),(8,NULL,NULL,NULL,NULL,NULL,NULL,NULL,NULL,'2011-03-09 11:03:51','2011-03-09 11:03:51',NULL,1),(9,NULL,NULL,NULL,NULL,NULL,NULL,NULL,NULL,'2011-03-09 11:03:51','2011-03-09 11:03:51',NULL,1),(10,NULL,NULL,NULL,NULL,NULL,NULL,NULL,NULL,'2011-03-09 11:03:51','2011-03-09 11:03:51',NULL,1),(11,NULL,NULL,NULL,NULL,NULL,NULL,NULL,NULL,'2011-03-09 11:03:51','2011-03-09 11:03:51',NULL,1),(12,NULL,NULL,NULL,NULL,NULL,NULL,NULL,NULL,'2011-03-09 11:15:18','2011-03-09 11:15:18',NULL,2),(13,NULL,NULL,NULL,NULL,NULL,NULL,NULL,NULL,'2011-03-09 11:15:18','2011-03-09 11:15:18',NULL,2),(14,NULL,NULL,NULL,NULL,NULL,NULL,NULL,NULL,'2011-03-09 11:15:18','2011-03-09 11:15:18',NULL,2),(15,NULL,NULL,NULL,NULL,NULL,NULL,NULL,NULL,'2011-03-09 11:15:18','2011-03-09 11:15:18',NULL,2),(16,NULL,NULL,NULL,NULL,NULL,NULL,NULL,NULL,'2011-03-09 11:15:18','2011-03-09 11:15:18',NULL,2),(17,NULL,NULL,NULL,NULL,NULL,NULL,NULL,NULL,'2011-03-09 11:15:19','2011-03-09 11:15:19',NULL,2),(18,NULL,NULL,NULL,NULL,NULL,NULL,NULL,NULL,'2011-03-09 11:15:19','2011-03-09 11:15:19',NULL,2),(19,NULL,NULL,NULL,NULL,NULL,NULL,NULL,NULL,'2011-03-09 11:15:19','2011-03-09 11:15:19',NULL,2),(20,NULL,NULL,NULL,NULL,NULL,NULL,NULL,NULL,'2011-03-09 11:15:19','2011-03-09 11:15:19',NULL,2),(21,NULL,NULL,NULL,NULL,NULL,NULL,NULL,NULL,'2011-03-09 11:15:19','2011-03-09 11:15:19',NULL,2),(22,NULL,NULL,NULL,NULL,NULL,NULL,NULL,NULL,'2011-03-09 11:15:19','2011-03-09 11:15:19',NULL,2),(23,NULL,NULL,NULL,NULL,NULL,NULL,NULL,NULL,'2011-03-09 11:17:09','2011-03-09 11:17:09',NULL,3),(24,NULL,NULL,NULL,NULL,NULL,NULL,NULL,NULL,'2011-03-09 11:17:09','2011-03-09 11:17:09',NULL,3),(25,NULL,NULL,NULL,NULL,NULL,NULL,NULL,NULL,'2011-03-09 11:17:09','2011-03-09 11:17:09',NULL,3),(26,NULL,NULL,NULL,NULL,NULL,NULL,NULL,NULL,'2011-03-09 11:17:09','2011-03-09 11:17:09',NULL,3),(27,NULL,NULL,NULL,NULL,NULL,NULL,NULL,NULL,'2011-03-09 11:17:09','2011-03-09 11:17:09',NULL,3),(28,NULL,NULL,NULL,NULL,NULL,NULL,NULL,NULL,'2011-03-09 11:17:09','2011-03-09 11:17:09',NULL,3),(29,NULL,NULL,NULL,NULL,NULL,NULL,NULL,NULL,'2011-03-09 11:17:09','2011-03-09 11:17:09',NULL,3),(30,NULL,NULL,NULL,NULL,NULL,NULL,NULL,NULL,'2011-03-09 11:17:09','2011-03-09 11:17:09',NULL,3),(31,NULL,NULL,NULL,NULL,NULL,NULL,NULL,NULL,'2011-03-09 11:17:10','2011-03-09 11:17:10',NULL,3),(32,NULL,NULL,NULL,NULL,NULL,NULL,NULL,NULL,'2011-03-09 11:17:10','2011-03-09 11:17:10',NULL,3),(33,NULL,NULL,NULL,NULL,NULL,NULL,NULL,NULL,'2011-03-09 11:17:10','2011-03-09 11:17:10',NULL,3),(34,NULL,NULL,NULL,NULL,NULL,NULL,NULL,NULL,'2011-03-09 11:20:14','2011-03-09 11:20:14',NULL,4),(35,NULL,NULL,NULL,NULL,NULL,NULL,NULL,NULL,'2011-03-09 11:20:14','2011-03-09 11:20:14',NULL,4),(36,NULL,NULL,NULL,NULL,NULL,NULL,NULL,NULL,'2011-03-09 11:20:14','2011-03-09 11:20:14',NULL,4),(37,NULL,NULL,NULL,NULL,NULL,NULL,NULL,NULL,'2011-03-09 11:20:14','2011-03-09 11:20:14',NULL,4),(38,NULL,NULL,NULL,NULL,NULL,NULL,NULL,NULL,'2011-03-09 11:20:14','2011-03-09 11:20:14',NULL,4),(39,NULL,NULL,NULL,NULL,NULL,NULL,NULL,NULL,'2011-03-09 11:20:15','2011-03-09 11:20:15',NULL,4),(40,NULL,NULL,NULL,NULL,NULL,NULL,NULL,NULL,'2011-03-09 11:20:15','2011-03-09 11:20:15',NULL,4),(41,NULL,NULL,NULL,NULL,NULL,NULL,NULL,NULL,'2011-03-09 11:20:15','2011-03-09 11:20:15',NULL,4),(42,NULL,NULL,NULL,NULL,NULL,NULL,NULL,NULL,'2011-03-09 11:20:15','2011-03-09 11:20:15',NULL,4),(43,NULL,NULL,NULL,NULL,NULL,NULL,NULL,NULL,'2011-03-09 11:20:15','2011-03-09 11:20:15',NULL,4),(44,NULL,NULL,NULL,NULL,NULL,NULL,NULL,NULL,'2011-03-09 11:20:15','2011-03-09 11:20:15',NULL,4),(45,NULL,NULL,NULL,NULL,NULL,NULL,NULL,NULL,'2011-03-09 11:38:20','2011-03-09 11:38:20',NULL,5),(46,NULL,NULL,NULL,NULL,NULL,NULL,NULL,NULL,'2011-03-09 11:38:21','2011-03-09 11:38:21',NULL,5),(47,NULL,NULL,NULL,NULL,NULL,NULL,NULL,NULL,'2011-03-09 11:38:21','2011-03-09 11:38:21',NULL,5),(48,NULL,NULL,NULL,NULL,NULL,NULL,NULL,NULL,'2011-03-09 11:38:21','2011-03-09 11:38:21',NULL,5),(49,NULL,NULL,NULL,NULL,NULL,NULL,NULL,NULL,'2011-03-09 11:38:21','2011-03-09 11:38:21',NULL,5),(50,NULL,NULL,NULL,NULL,NULL,NULL,NULL,NULL,'2011-03-09 11:38:21','2011-03-09 11:38:21',NULL,5),(51,NULL,NULL,NULL,NULL,NULL,NULL,NULL,NULL,'2011-03-09 11:38:21','2011-03-09 11:38:21',NULL,5),(52,NULL,NULL,NULL,NULL,NULL,NULL,NULL,NULL,'2011-03-09 11:38:21','2011-03-09 11:38:21',NULL,5),(53,NULL,NULL,NULL,NULL,NULL,NULL,NULL,NULL,'2011-03-09 11:38:21','2011-03-09 11:38:21',NULL,5),(54,NULL,NULL,NULL,NULL,NULL,NULL,NULL,NULL,'2011-03-09 11:38:21','2011-03-09 11:38:21',NULL,5),(55,NULL,NULL,NULL,NULL,NULL,NULL,NULL,NULL,'2011-03-09 11:38:21','2011-03-09 11:38:21',NULL,5),(56,NULL,NULL,NULL,NULL,NULL,NULL,NULL,NULL,'2011-03-09 11:47:53','2011-03-09 11:47:53',NULL,6),(57,NULL,NULL,NULL,NULL,NULL,NULL,NULL,NULL,'2011-03-09 11:47:53','2011-03-09 11:47:53',NULL,6),(58,NULL,NULL,NULL,NULL,NULL,NULL,NULL,NULL,'2011-03-09 11:47:53','2011-03-09 11:47:53',NULL,6),(59,NULL,NULL,NULL,NULL,NULL,NULL,NULL,NULL,'2011-03-09 11:47:54','2011-03-09 11:47:54',NULL,6),(60,NULL,NULL,NULL,NULL,NULL,NULL,NULL,NULL,'2011-03-09 11:47:54','2011-03-09 11:47:54',NULL,6),(61,NULL,NULL,NULL,NULL,NULL,NULL,NULL,NULL,'2011-03-09 11:47:54','2011-03-09 11:47:54',NULL,6),(62,NULL,NULL,NULL,NULL,NULL,NULL,NULL,NULL,'2011-03-09 11:47:54','2011-03-09 11:47:54',NULL,6),(63,NULL,NULL,NULL,NULL,NULL,NULL,NULL,NULL,'2011-03-09 11:47:54','2011-03-09 11:47:54',NULL,6),(64,NULL,NULL,NULL,NULL,NULL,NULL,NULL,NULL,'2011-03-09 11:47:54','2011-03-09 11:47:54',NULL,6),(65,NULL,NULL,NULL,NULL,NULL,NULL,NULL,NULL,'2011-03-09 11:47:54','2011-03-09 11:47:54',NULL,6),(66,NULL,NULL,NULL,NULL,NULL,NULL,NULL,NULL,'2011-03-09 11:47:54','2011-03-09 11:47:54',NULL,6),(67,NULL,NULL,NULL,NULL,NULL,NULL,NULL,NULL,'2011-03-09 11:55:33','2011-03-09 11:55:33',NULL,7),(68,NULL,NULL,NULL,NULL,NULL,NULL,NULL,NULL,'2011-03-09 11:55:33','2011-03-09 11:55:33',NULL,7),(69,NULL,NULL,NULL,NULL,NULL,NULL,NULL,NULL,'2011-03-09 11:55:33','2011-03-09 11:55:33',NULL,7),(70,NULL,NULL,NULL,NULL,NULL,NULL,NULL,NULL,'2011-03-09 11:55:33','2011-03-09 11:55:33',NULL,7),(71,NULL,NULL,NULL,NULL,NULL,NULL,NULL,NULL,'2011-03-09 11:55:33','2011-03-09 11:55:33',NULL,7),(72,NULL,NULL,NULL,NULL,NULL,NULL,NULL,NULL,'2011-03-09 11:55:33','2011-03-09 11:55:33',NULL,7),(73,NULL,NULL,NULL,NULL,NULL,NULL,NULL,NULL,'2011-03-09 11:55:34','2011-03-09 11:55:34',NULL,7),(74,NULL,NULL,NULL,NULL,NULL,NULL,NULL,NULL,'2011-03-09 11:55:34','2011-03-09 11:55:34',NULL,7),(75,NULL,NULL,NULL,NULL,NULL,NULL,NULL,NULL,'2011-03-09 11:55:34','2011-03-09 11:55:34',NULL,7),(76,NULL,NULL,NULL,NULL,NULL,NULL,NULL,NULL,'2011-03-09 11:55:34','2011-03-09 11:55:34',NULL,7),(77,NULL,NULL,NULL,NULL,NULL,NULL,NULL,NULL,'2011-03-09 11:55:34','2011-03-09 11:55:34',NULL,7),(78,NULL,NULL,NULL,NULL,NULL,NULL,NULL,NULL,'2011-03-09 12:00:46','2011-03-09 12:00:46',NULL,8),(79,NULL,NULL,NULL,NULL,NULL,NULL,NULL,NULL,'2011-03-09 12:00:46','2011-03-09 12:00:46',NULL,8),(80,NULL,NULL,NULL,NULL,NULL,NULL,NULL,NULL,'2011-03-09 12:00:46','2011-03-09 12:00:46',NULL,8),(81,NULL,NULL,NULL,NULL,NULL,NULL,NULL,NULL,'2011-03-09 12:00:46','2011-03-09 12:00:46',NULL,8),(82,NULL,NULL,NULL,NULL,NULL,NULL,NULL,NULL,'2011-03-09 12:00:46','2011-03-09 12:00:46',NULL,8),(83,NULL,NULL,NULL,NULL,NULL,NULL,NULL,NULL,'2011-03-09 12:00:47','2011-03-09 12:00:47',NULL,8),(84,NULL,NULL,NULL,NULL,NULL,NULL,NULL,NULL,'2011-03-09 12:00:47','2011-03-09 12:00:47',NULL,8),(85,NULL,NULL,NULL,NULL,NULL,NULL,NULL,NULL,'2011-03-09 12:00:47','2011-03-09 12:00:47',NULL,8),(86,NULL,NULL,NULL,NULL,NULL,NULL,NULL,NULL,'2011-03-09 12:00:47','2011-03-09 12:00:47',NULL,8),(87,NULL,NULL,NULL,NULL,NULL,NULL,NULL,NULL,'2011-03-09 12:00:47','2011-03-09 12:00:47',NULL,8),(88,NULL,NULL,NULL,NULL,NULL,NULL,NULL,NULL,'2011-03-09 12:00:47','2011-03-09 12:00:47',NULL,8),(89,NULL,NULL,NULL,NULL,NULL,NULL,NULL,NULL,'2011-03-09 12:16:56','2011-03-09 12:16:56',NULL,9),(90,NULL,NULL,NULL,NULL,NULL,NULL,NULL,NULL,'2011-03-09 12:16:56','2011-03-09 12:16:56',NULL,9),(91,NULL,NULL,NULL,NULL,NULL,NULL,NULL,NULL,'2011-03-09 12:16:56','2011-03-09 12:16:56',NULL,9),(92,NULL,NULL,NULL,NULL,NULL,NULL,NULL,NULL,'2011-03-09 12:16:56','2011-03-09 12:16:56',NULL,9),(93,NULL,NULL,NULL,NULL,NULL,NULL,NULL,NULL,'2011-03-09 12:16:56','2011-03-09 12:16:56',NULL,9),(94,NULL,NULL,NULL,NULL,NULL,NULL,NULL,NULL,'2011-03-09 12:16:56','2011-03-09 12:16:56',NULL,9),(95,NULL,NULL,NULL,NULL,NULL,NULL,NULL,NULL,'2011-03-09 12:16:56','2011-03-09 12:16:56',NULL,9),(96,NULL,NULL,NULL,NULL,NULL,NULL,NULL,NULL,'2011-03-09 12:16:56','2011-03-09 12:16:56',NULL,9),(97,NULL,NULL,NULL,NULL,NULL,NULL,NULL,NULL,'2011-03-09 12:16:57','2011-03-09 12:16:57',NULL,9),(98,NULL,NULL,NULL,NULL,NULL,NULL,NULL,NULL,'2011-03-09 12:16:57','2011-03-09 12:16:57',NULL,9),(99,NULL,NULL,NULL,NULL,NULL,NULL,NULL,NULL,'2011-03-09 12:16:57','2011-03-09 12:16:57',NULL,9),(100,NULL,NULL,NULL,NULL,NULL,NULL,NULL,NULL,'2011-03-09 12:20:05','2011-03-09 12:20:05',NULL,10),(101,NULL,NULL,NULL,NULL,NULL,NULL,NULL,NULL,'2011-03-09 12:20:05','2011-03-09 12:20:05',NULL,10),(102,NULL,NULL,NULL,NULL,NULL,NULL,NULL,NULL,'2011-03-09 12:20:05','2011-03-09 12:20:05',NULL,10),(103,NULL,NULL,NULL,NULL,NULL,NULL,NULL,NULL,'2011-03-09 12:20:05','2011-03-09 12:20:05',NULL,10),(104,NULL,NULL,NULL,NULL,NULL,NULL,NULL,NULL,'2011-03-09 12:20:05','2011-03-09 12:20:05',NULL,10),(105,NULL,NULL,NULL,NULL,NULL,NULL,NULL,NULL,'2011-03-09 12:20:06','2011-03-09 12:20:06',NULL,10),(106,NULL,NULL,NULL,NULL,NULL,NULL,NULL,NULL,'2011-03-09 12:20:06','2011-03-09 12:20:06',NULL,10),(107,NULL,NULL,NULL,NULL,NULL,NULL,NULL,NULL,'2011-03-09 12:20:06','2011-03-09 12:20:06',NULL,10),(108,NULL,NULL,NULL,NULL,NULL,NULL,NULL,NULL,'2011-03-09 12:20:06','2011-03-09 12:20:06',NULL,10),(109,NULL,NULL,NULL,NULL,NULL,NULL,NULL,NULL,'2011-03-09 12:20:06','2011-03-09 12:20:06',NULL,10),(110,NULL,NULL,NULL,NULL,NULL,NULL,NULL,NULL,'2011-03-09 12:20:06','2011-03-09 12:20:06',NULL,10),(111,NULL,NULL,NULL,NULL,NULL,NULL,NULL,NULL,'2011-03-09 12:25:10','2011-03-09 12:25:10',NULL,11),(112,NULL,NULL,NULL,NULL,NULL,NULL,NULL,NULL,'2011-03-09 12:25:10','2011-03-09 12:25:10',NULL,11),(113,NULL,NULL,NULL,NULL,NULL,NULL,NULL,NULL,'2011-03-09 12:25:10','2011-03-09 12:25:10',NULL,11),(114,NULL,NULL,NULL,NULL,NULL,NULL,NULL,NULL,'2011-03-09 12:25:10','2011-03-09 12:25:10',NULL,11),(115,NULL,NULL,NULL,NULL,NULL,NULL,NULL,NULL,'2011-03-09 12:25:10','2011-03-09 12:25:10',NULL,11),(116,NULL,NULL,NULL,NULL,NULL,NULL,NULL,NULL,'2011-03-09 12:25:10','2011-03-09 12:25:10',NULL,11),(117,NULL,NULL,NULL,NULL,NULL,NULL,NULL,NULL,'2011-03-09 12:25:10','2011-03-09 12:25:10',NULL,11),(118,NULL,NULL,NULL,NULL,NULL,NULL,NULL,NULL,'2011-03-09 12:25:10','2011-03-09 12:25:10',NULL,11),(119,NULL,NULL,NULL,NULL,NULL,NULL,NULL,NULL,'2011-03-09 12:25:10','2011-03-09 12:25:10',NULL,11),(120,NULL,NULL,NULL,NULL,NULL,NULL,NULL,NULL,'2011-03-09 12:25:10','2011-03-09 12:25:10',NULL,11),(121,NULL,NULL,NULL,NULL,NULL,NULL,NULL,NULL,'2011-03-09 12:25:11','2011-03-09 12:25:11',NULL,11),(122,NULL,NULL,NULL,NULL,NULL,NULL,NULL,NULL,'2011-03-09 12:47:02','2011-03-09 12:47:02',NULL,12),(123,NULL,NULL,NULL,NULL,NULL,NULL,NULL,NULL,'2011-03-09 12:47:02','2011-03-09 12:47:02',NULL,12),(124,NULL,NULL,NULL,NULL,NULL,NULL,NULL,NULL,'2011-03-09 12:47:02','2011-03-09 12:47:02',NULL,12),(125,NULL,NULL,NULL,NULL,NULL,NULL,NULL,NULL,'2011-03-09 12:47:02','2011-03-09 12:47:02',NULL,12),(126,NULL,NULL,NULL,NULL,NULL,NULL,NULL,NULL,'2011-03-09 12:47:02','2011-03-09 12:47:02',NULL,12),(127,NULL,NULL,NULL,NULL,NULL,NULL,NULL,NULL,'2011-03-09 12:47:02','2011-03-09 12:47:02',NULL,12),(128,NULL,NULL,NULL,NULL,NULL,NULL,NULL,NULL,'2011-03-09 12:47:02','2011-03-09 12:47:02',NULL,12),(129,NULL,NULL,NULL,NULL,NULL,NULL,NULL,NULL,'2011-03-09 12:47:02','2011-03-09 12:47:02',NULL,12),(130,NULL,NULL,NULL,NULL,NULL,NULL,NULL,NULL,'2011-03-09 12:47:02','2011-03-09 12:47:02',NULL,12),(131,NULL,NULL,NULL,NULL,NULL,NULL,NULL,NULL,'2011-03-09 12:47:02','2011-03-09 12:47:02',NULL,12),(132,NULL,NULL,NULL,NULL,NULL,NULL,NULL,NULL,'2011-03-09 12:47:02','2011-03-09 12:47:02',NULL,12),(133,NULL,NULL,NULL,NULL,NULL,NULL,NULL,NULL,'2011-03-09 12:47:47','2011-03-09 12:47:47',NULL,13),(134,NULL,NULL,NULL,NULL,NULL,NULL,NULL,NULL,'2011-03-09 12:47:47','2011-03-09 12:47:47',NULL,13),(135,NULL,NULL,NULL,NULL,NULL,NULL,NULL,NULL,'2011-03-09 12:47:48','2011-03-09 12:47:48',NULL,13),(136,NULL,NULL,NULL,NULL,NULL,NULL,NULL,NULL,'2011-03-09 12:47:48','2011-03-09 12:47:48',NULL,13),(137,NULL,NULL,NULL,NULL,NULL,NULL,NULL,NULL,'2011-03-09 12:47:48','2011-03-09 12:47:48',NULL,13),(138,NULL,NULL,NULL,NULL,NULL,NULL,NULL,NULL,'2011-03-09 12:47:48','2011-03-09 12:47:48',NULL,13),(139,NULL,NULL,NULL,NULL,NULL,NULL,NULL,NULL,'2011-03-09 12:47:48','2011-03-09 12:47:48',NULL,13),(140,NULL,NULL,NULL,NULL,NULL,NULL,NULL,NULL,'2011-03-09 12:47:48','2011-03-09 12:47:48',NULL,13),(141,NULL,NULL,NULL,NULL,NULL,NULL,NULL,NULL,'2011-03-09 12:47:48','2011-03-09 12:47:48',NULL,13),(142,NULL,NULL,NULL,NULL,NULL,NULL,NULL,NULL,'2011-03-09 12:47:48','2011-03-09 12:47:48',NULL,13),(143,NULL,NULL,NULL,NULL,NULL,NULL,NULL,NULL,'2011-03-09 12:47:48','2011-03-09 12:47:48',NULL,13),(144,NULL,NULL,NULL,NULL,NULL,NULL,NULL,NULL,'2011-03-09 12:48:28','2011-03-09 12:48:28',NULL,14),(145,NULL,NULL,NULL,NULL,NULL,NULL,NULL,NULL,'2011-03-09 12:48:29','2011-03-09 12:48:29',NULL,14),(146,NULL,NULL,NULL,NULL,NULL,NULL,NULL,NULL,'2011-03-09 12:48:29','2011-03-09 12:48:29',NULL,14),(147,NULL,NULL,NULL,NULL,NULL,NULL,NULL,NULL,'2011-03-09 12:48:29','2011-03-09 12:48:29',NULL,14),(148,NULL,NULL,NULL,NULL,NULL,NULL,NULL,NULL,'2011-03-09 12:48:29','2011-03-09 12:48:29',NULL,14),(149,NULL,NULL,NULL,NULL,NULL,NULL,NULL,NULL,'2011-03-09 12:48:29','2011-03-09 12:48:29',NULL,14),(150,NULL,NULL,NULL,NULL,NULL,NULL,NULL,NULL,'2011-03-09 12:48:29','2011-03-09 12:48:29',NULL,14),(151,NULL,NULL,NULL,NULL,NULL,NULL,NULL,NULL,'2011-03-09 12:48:29','2011-03-09 12:48:29',NULL,14),(152,NULL,NULL,NULL,NULL,NULL,NULL,NULL,NULL,'2011-03-09 12:48:29','2011-03-09 12:48:29',NULL,14),(153,NULL,NULL,NULL,NULL,NULL,NULL,NULL,NULL,'2011-03-09 12:48:29','2011-03-09 12:48:29',NULL,14),(154,NULL,NULL,NULL,NULL,NULL,NULL,NULL,NULL,'2011-03-09 12:48:29','2011-03-09 12:48:29',NULL,14),(155,NULL,NULL,NULL,NULL,NULL,NULL,NULL,NULL,'2011-03-09 12:50:54','2011-03-09 12:50:54',NULL,15),(156,NULL,NULL,NULL,NULL,NULL,NULL,NULL,NULL,'2011-03-09 12:50:54','2011-03-09 12:50:54',NULL,15),(157,NULL,NULL,NULL,NULL,NULL,NULL,NULL,NULL,'2011-03-09 12:50:55','2011-03-09 12:50:55',NULL,15),(158,NULL,NULL,NULL,NULL,NULL,NULL,NULL,NULL,'2011-03-09 12:50:55','2011-03-09 12:50:55',NULL,15),(159,NULL,NULL,NULL,NULL,NULL,NULL,NULL,NULL,'2011-03-09 12:50:55','2011-03-09 12:50:55',NULL,15),(160,NULL,NULL,NULL,NULL,NULL,NULL,NULL,NULL,'2011-03-09 12:50:55','2011-03-09 12:50:55',NULL,15),(161,NULL,NULL,NULL,NULL,NULL,NULL,NULL,NULL,'2011-03-09 12:50:55','2011-03-09 12:50:55',NULL,15),(162,NULL,NULL,NULL,NULL,NULL,NULL,NULL,NULL,'2011-03-09 12:50:55','2011-03-09 12:50:55',NULL,15),(163,NULL,NULL,NULL,NULL,NULL,NULL,NULL,NULL,'2011-03-09 12:50:55','2011-03-09 12:50:55',NULL,15),(164,NULL,NULL,NULL,NULL,NULL,NULL,NULL,NULL,'2011-03-09 12:50:55','2011-03-09 12:50:55',NULL,15),(165,NULL,NULL,NULL,NULL,NULL,NULL,NULL,NULL,'2011-03-09 12:50:55','2011-03-09 12:50:55',NULL,15),(166,NULL,NULL,NULL,NULL,NULL,NULL,NULL,NULL,'2011-03-09 13:01:58','2011-03-09 13:01:58',NULL,16),(167,NULL,NULL,NULL,NULL,NULL,NULL,NULL,NULL,'2011-03-09 13:01:58','2011-03-09 13:01:58',NULL,16),(168,NULL,NULL,NULL,NULL,NULL,NULL,NULL,NULL,'2011-03-09 13:01:58','2011-03-09 13:01:58',NULL,16),(169,NULL,NULL,NULL,NULL,NULL,NULL,NULL,NULL,'2011-03-09 13:01:58','2011-03-09 13:01:58',NULL,16),(170,NULL,NULL,NULL,NULL,NULL,NULL,NULL,NULL,'2011-03-09 13:01:58','2011-03-09 13:01:58',NULL,16),(171,NULL,NULL,NULL,NULL,NULL,NULL,NULL,NULL,'2011-03-09 13:01:58','2011-03-09 13:01:58',NULL,16),(172,NULL,NULL,NULL,NULL,NULL,NULL,NULL,NULL,'2011-03-09 13:01:58','2011-03-09 13:01:58',NULL,16),(173,NULL,NULL,NULL,NULL,NULL,NULL,NULL,NULL,'2011-03-09 13:01:58','2011-03-09 13:01:58',NULL,16),(174,NULL,NULL,NULL,NULL,NULL,NULL,NULL,NULL,'2011-03-09 13:01:58','2011-03-09 13:01:58',NULL,16),(175,NULL,NULL,NULL,NULL,NULL,NULL,NULL,NULL,'2011-03-09 13:01:59','2011-03-09 13:01:59',NULL,16),(176,NULL,NULL,NULL,NULL,NULL,NULL,NULL,NULL,'2011-03-09 13:01:59','2011-03-09 13:01:59',NULL,16),(177,NULL,NULL,NULL,NULL,NULL,NULL,NULL,NULL,'2011-03-09 13:02:25','2011-03-09 13:02:25',NULL,17),(178,NULL,NULL,NULL,NULL,NULL,NULL,NULL,NULL,'2011-03-09 13:02:25','2011-03-09 13:02:25',NULL,17),(179,NULL,NULL,NULL,NULL,NULL,NULL,NULL,NULL,'2011-03-09 13:02:25','2011-03-09 13:02:25',NULL,17),(180,NULL,NULL,NULL,NULL,NULL,NULL,NULL,NULL,'2011-03-09 13:02:25','2011-03-09 13:02:25',NULL,17),(181,NULL,NULL,NULL,NULL,NULL,NULL,NULL,NULL,'2011-03-09 13:02:26','2011-03-09 13:02:26',NULL,17),(182,NULL,NULL,NULL,NULL,NULL,NULL,NULL,NULL,'2011-03-09 13:02:26','2011-03-09 13:02:26',NULL,17),(183,NULL,NULL,NULL,NULL,NULL,NULL,NULL,NULL,'2011-03-09 13:02:26','2011-03-09 13:02:26',NULL,17),(184,NULL,NULL,NULL,NULL,NULL,NULL,NULL,NULL,'2011-03-09 13:02:26','2011-03-09 13:02:26',NULL,17),(185,NULL,NULL,NULL,NULL,NULL,NULL,NULL,NULL,'2011-03-09 13:02:26','2011-03-09 13:02:26',NULL,17),(186,NULL,NULL,NULL,NULL,NULL,NULL,NULL,NULL,'2011-03-09 13:02:26','2011-03-09 13:02:26',NULL,17),(187,NULL,NULL,NULL,NULL,NULL,NULL,NULL,NULL,'2011-03-09 13:02:26','2011-03-09 13:02:26',NULL,17),(188,NULL,NULL,NULL,NULL,NULL,NULL,NULL,NULL,'2011-03-10 19:51:51','2011-03-10 19:51:51',NULL,18),(189,NULL,NULL,NULL,NULL,NULL,NULL,NULL,NULL,'2011-03-10 19:51:51','2011-03-10 19:51:51',NULL,18),(190,NULL,NULL,NULL,NULL,NULL,NULL,NULL,NULL,'2011-03-10 19:51:52','2011-03-10 19:51:52',NULL,18),(191,NULL,NULL,NULL,NULL,NULL,NULL,NULL,NULL,'2011-03-10 19:51:52','2011-03-10 19:51:52',NULL,18),(192,NULL,NULL,NULL,NULL,NULL,NULL,NULL,NULL,'2011-03-10 19:51:52','2011-03-10 19:51:52',NULL,18),(193,NULL,NULL,NULL,NULL,NULL,NULL,NULL,NULL,'2011-03-10 19:51:52','2011-03-10 19:51:52',NULL,18),(194,NULL,NULL,NULL,NULL,NULL,NULL,NULL,NULL,'2011-03-10 19:51:52','2011-03-10 19:51:52',NULL,18),(195,NULL,NULL,NULL,NULL,NULL,NULL,NULL,NULL,'2011-03-10 19:51:52','2011-03-10 19:51:52',NULL,18),(196,NULL,NULL,NULL,NULL,NULL,NULL,NULL,NULL,'2011-03-10 19:51:52','2011-03-10 19:51:52',NULL,18),(197,NULL,NULL,NULL,NULL,NULL,NULL,NULL,NULL,'2011-03-10 19:51:52','2011-03-10 19:51:52',NULL,18),(198,NULL,NULL,NULL,NULL,NULL,NULL,NULL,NULL,'2011-03-10 19:51:52','2011-03-10 19:51:52',NULL,18),(199,NULL,NULL,NULL,NULL,NULL,NULL,NULL,NULL,'2011-03-10 20:33:58','2011-03-10 20:33:58',NULL,19),(200,NULL,NULL,NULL,NULL,NULL,NULL,NULL,NULL,'2011-03-10 20:33:58','2011-03-10 20:33:58',NULL,19),(201,NULL,NULL,NULL,NULL,NULL,NULL,NULL,NULL,'2011-03-10 20:33:58','2011-03-10 20:33:58',NULL,19),(202,NULL,NULL,NULL,NULL,NULL,NULL,NULL,NULL,'2011-03-10 20:33:58','2011-03-10 20:33:58',NULL,19),(203,NULL,NULL,NULL,NULL,NULL,NULL,NULL,NULL,'2011-03-10 20:33:58','2011-03-10 20:33:58',NULL,19),(204,NULL,NULL,NULL,NULL,NULL,NULL,NULL,NULL,'2011-03-10 20:33:58','2011-03-10 20:33:58',NULL,19),(205,NULL,NULL,NULL,NULL,NULL,NULL,NULL,NULL,'2011-03-10 20:33:58','2011-03-10 20:33:58',NULL,19),(206,NULL,NULL,NULL,NULL,NULL,NULL,NULL,NULL,'2011-03-10 20:33:58','2011-03-10 20:33:58',NULL,19),(207,NULL,NULL,NULL,NULL,NULL,NULL,NULL,NULL,'2011-03-10 20:33:58','2011-03-10 20:33:58',NULL,19),(208,NULL,NULL,NULL,NULL,NULL,NULL,NULL,NULL,'2011-03-10 20:33:58','2011-03-10 20:33:58',NULL,19),(209,NULL,NULL,NULL,NULL,NULL,NULL,NULL,NULL,'2011-03-10 20:33:59','2011-03-10 20:33:59',NULL,19),(212,5,1,33,1,NULL,1,NULL,NULL,'2011-03-20 07:43:05','2011-03-20 07:52:01',73,100),(213,6,1,44,2,NULL,NULL,NULL,NULL,'2011-03-20 07:43:27','2011-03-20 07:52:02',64,100),(214,3,1,23,1,1,NULL,NULL,NULL,'2011-03-20 08:01:42','2011-03-20 08:01:56',55,95),(215,4,1,33,1,2,NULL,NULL,NULL,'2011-03-20 08:11:37','2011-03-20 08:12:00',73,102);
UNLOCK TABLES;
/*!40000 ALTER TABLE `bowling_performances` ENABLE KEYS */;

--
-- Table structure for table `dismissals`
--

DROP TABLE IF EXISTS `dismissals`;
CREATE TABLE `dismissals` (
  `id` int(11) NOT NULL auto_increment,
  `dismissal_type` int(11) default NULL,
  `description` varchar(255) default NULL,
  `created_at` datetime default NULL,
  `updated_at` datetime default NULL,
  `bowler_id` int(11) default NULL,
  `fielder_id` int(11) default NULL,
  `batting_performance_id` int(11) default NULL,
  PRIMARY KEY  (`id`)
) ENGINE=InnoDB DEFAULT CHARSET=latin1;

--
-- Dumping data for table `dismissals`
--


/*!40000 ALTER TABLE `dismissals` DISABLE KEYS */;
LOCK TABLES `dismissals` WRITE;
INSERT INTO `dismissals` VALUES (1,NULL,NULL,'2011-03-13 07:29:52','2011-03-13 07:29:52',NULL,NULL,268),(2,NULL,NULL,'2011-03-13 07:29:54','2011-03-13 07:29:54',NULL,NULL,268),(3,NULL,NULL,'2011-03-13 07:29:54','2011-03-13 07:29:54',NULL,NULL,268),(4,NULL,NULL,'2011-03-13 07:29:55','2011-03-13 07:29:55',NULL,NULL,268),(5,NULL,NULL,'2011-03-13 07:31:43','2011-03-13 07:31:43',NULL,NULL,268),(6,NULL,NULL,'2011-03-13 07:31:46','2011-03-13 07:31:46',NULL,NULL,269),(7,NULL,NULL,'2011-03-13 07:31:49','2011-03-13 07:31:49',NULL,NULL,269),(8,NULL,NULL,'2011-03-13 07:34:06','2011-03-13 07:34:06',NULL,NULL,270),(9,NULL,NULL,'2011-03-13 07:35:07','2011-03-13 07:35:07',NULL,NULL,271),(10,NULL,NULL,'2011-03-13 07:38:20','2011-03-13 07:38:20',NULL,NULL,272),(11,NULL,NULL,'2011-03-13 07:38:22','2011-03-13 07:38:22',NULL,NULL,272),(12,NULL,NULL,'2011-03-15 01:15:10','2011-03-15 01:15:10',NULL,NULL,274),(13,NULL,NULL,'2011-03-15 01:15:25','2011-03-15 01:15:25',NULL,NULL,275),(14,NULL,NULL,'2011-03-15 01:18:43','2011-03-15 01:18:43',NULL,NULL,276),(15,NULL,NULL,'2011-03-15 01:19:16','2011-03-15 01:19:16',NULL,NULL,277),(16,NULL,NULL,'2011-03-15 01:19:24','2011-03-15 01:19:24',NULL,NULL,277),(17,NULL,NULL,'2011-03-15 01:31:10','2011-03-15 01:31:10',NULL,NULL,277),(18,NULL,NULL,'2011-03-15 01:31:12','2011-03-15 01:31:12',NULL,NULL,277),(19,NULL,NULL,'2011-03-15 01:37:05','2011-03-15 01:37:05',NULL,NULL,278),(20,NULL,NULL,'2011-03-15 01:43:58','2011-03-15 01:43:58',NULL,NULL,279),(21,NULL,NULL,'2011-03-16 07:10:24','2011-03-16 07:10:24',NULL,NULL,280),(22,NULL,NULL,'2011-03-16 07:24:16','2011-03-16 07:24:16',NULL,NULL,281),(23,NULL,NULL,'2011-03-16 07:27:05','2011-03-16 07:27:05',NULL,NULL,282),(24,NULL,NULL,'2011-03-16 07:39:05','2011-03-16 07:39:05',NULL,NULL,283),(25,NULL,NULL,'2011-03-16 07:47:25','2011-03-16 07:47:25',NULL,NULL,284),(26,NULL,NULL,'2011-03-16 07:49:17','2011-03-16 07:49:17',NULL,NULL,286),(27,NULL,NULL,'2011-03-16 07:49:41','2011-03-16 07:49:41',NULL,NULL,287),(28,NULL,NULL,'2011-03-16 07:56:26','2011-03-16 07:56:26',NULL,NULL,290),(29,NULL,NULL,'2011-03-16 07:57:59','2011-03-16 07:57:59',NULL,NULL,291),(30,NULL,NULL,'2011-03-16 07:58:54','2011-03-16 07:58:54',NULL,NULL,292),(31,NULL,NULL,'2011-03-17 18:45:59','2011-03-17 18:45:59',NULL,NULL,293),(32,NULL,NULL,'2011-03-17 18:53:10','2011-03-17 18:54:03',54,NULL,294),(33,NULL,NULL,'2011-03-17 20:13:51','2011-03-17 20:14:30',52,NULL,295),(34,NULL,NULL,'2011-03-17 20:18:39','2011-03-17 20:19:40',53,NULL,296),(35,NULL,NULL,'2011-03-18 01:19:30','2011-03-18 01:19:30',NULL,NULL,298),(36,NULL,NULL,'2011-03-18 05:43:15','2011-03-18 05:43:15',NULL,NULL,299),(37,NULL,NULL,'2011-03-18 05:44:35','2011-03-18 05:44:35',NULL,NULL,300),(38,NULL,NULL,'2011-03-18 05:49:04','2011-03-18 05:49:04',NULL,NULL,301),(39,NULL,NULL,'2011-03-18 05:54:52','2011-03-18 05:54:52',NULL,NULL,NULL),(40,NULL,NULL,'2011-03-18 05:56:12','2011-03-18 05:56:12',NULL,NULL,NULL),(41,NULL,NULL,'2011-03-18 05:58:29','2011-03-18 05:58:29',NULL,NULL,NULL),(42,NULL,NULL,'2011-03-18 05:59:43','2011-03-18 05:59:43',NULL,NULL,NULL),(43,NULL,NULL,'2011-03-18 06:09:43','2011-03-18 06:09:43',NULL,NULL,NULL),(44,NULL,NULL,'2011-03-18 06:09:56','2011-03-18 06:11:13',52,NULL,307),(45,NULL,NULL,'2011-03-18 06:11:29','2011-03-18 06:11:29',NULL,NULL,NULL),(46,NULL,NULL,'2011-03-18 06:27:43','2011-03-18 06:27:43',NULL,NULL,NULL),(47,1,NULL,'2011-03-18 06:27:54','2011-03-18 23:58:13',55,46,310),(48,NULL,NULL,'2011-03-18 06:47:20','2011-03-18 06:47:20',NULL,NULL,NULL),(49,NULL,NULL,'2011-03-18 06:47:58','2011-03-18 06:47:58',NULL,NULL,NULL),(50,NULL,NULL,'2011-03-18 22:33:47','2011-03-18 22:33:47',NULL,NULL,NULL),(51,NULL,NULL,'2011-03-18 22:35:01','2011-03-18 22:36:58',54,NULL,NULL),(52,NULL,NULL,'2011-03-18 22:37:09','2011-03-18 22:37:09',NULL,NULL,NULL),(53,2,NULL,'2011-03-18 23:58:32','2011-03-19 07:48:25',54,46,311),(54,NULL,NULL,'2011-03-18 23:58:35','2011-03-18 23:58:35',NULL,NULL,311),(55,NULL,NULL,'2011-03-18 23:59:32','2011-03-18 23:59:32',NULL,NULL,311),(56,NULL,NULL,'2011-03-19 00:00:50','2011-03-19 00:00:50',NULL,NULL,311),(57,3,NULL,'2011-03-19 00:10:12','2011-03-19 07:48:25',53,51,312),(58,1,NULL,'2011-03-19 07:37:50','2011-03-19 07:38:46',74,NULL,313),(59,1,NULL,'2011-03-20 07:49:51','2011-03-20 07:52:01',73,NULL,314),(60,3,NULL,'2011-03-20 07:50:12','2011-03-20 07:52:01',72,NULL,315),(61,1,NULL,'2011-03-20 08:10:54','2011-03-20 08:12:00',73,NULL,316),(62,0,NULL,'2011-03-21 03:23:34','2011-03-21 03:28:03',203,203,317);
UNLOCK TABLES;
/*!40000 ALTER TABLE `dismissals` ENABLE KEYS */;

--
-- Table structure for table `innings`
--

DROP TABLE IF EXISTS `innings`;
CREATE TABLE `innings` (
  `id` int(11) NOT NULL auto_increment,
  `overs` float default NULL,
  `wides` int(11) default NULL,
  `noballs` int(11) default NULL,
  `legbyes` int(11) default NULL,
  `byes` int(11) default NULL,
  `extras` int(11) default NULL,
  `score` int(11) default NULL,
  `bowled_out` tinyint(1) default NULL,
  `summary` text,
  `created_at` datetime default NULL,
  `updated_at` datetime default NULL,
  `match_id` int(11) default NULL,
  `batting_team_id` int(11) default NULL,
  `bowling_team_id` int(11) default NULL,
  `team_id` int(11) default NULL,
  `wickets` int(11) default NULL,
  PRIMARY KEY  (`id`)
) ENGINE=InnoDB DEFAULT CHARSET=latin1;

--
-- Dumping data for table `innings`
--


/*!40000 ALTER TABLE `innings` DISABLE KEYS */;
LOCK TABLES `innings` WRITE;
INSERT INTO `innings` VALUES (1,NULL,NULL,NULL,NULL,NULL,NULL,NULL,NULL,NULL,'2011-03-09 11:03:50','2011-03-09 11:03:50',NULL,NULL,NULL,NULL,NULL),(2,NULL,NULL,NULL,NULL,NULL,NULL,NULL,NULL,NULL,'2011-03-09 11:15:18','2011-03-09 11:15:18',NULL,NULL,NULL,NULL,NULL),(3,NULL,NULL,NULL,NULL,NULL,NULL,NULL,NULL,NULL,'2011-03-09 11:17:09','2011-03-09 11:17:09',NULL,NULL,NULL,NULL,NULL),(4,NULL,NULL,NULL,NULL,NULL,NULL,NULL,NULL,NULL,'2011-03-09 11:20:14','2011-03-09 11:20:14',NULL,NULL,NULL,NULL,NULL),(5,NULL,NULL,NULL,NULL,NULL,NULL,NULL,NULL,NULL,'2011-03-09 11:38:20','2011-03-09 11:38:20',1,9,9,NULL,NULL),(6,NULL,NULL,NULL,NULL,NULL,NULL,NULL,NULL,NULL,'2011-03-09 11:47:53','2011-03-09 11:47:53',1,9,9,NULL,NULL),(7,NULL,NULL,NULL,NULL,NULL,NULL,NULL,NULL,NULL,'2011-03-09 11:55:33','2011-03-09 11:55:33',1,9,9,NULL,NULL),(8,NULL,NULL,NULL,NULL,NULL,NULL,NULL,NULL,NULL,'2011-03-09 12:00:46','2011-03-09 12:00:46',1,9,9,NULL,NULL),(9,NULL,NULL,NULL,NULL,NULL,NULL,NULL,NULL,NULL,'2011-03-09 12:16:56','2011-03-09 12:16:56',1,9,9,NULL,NULL),(10,NULL,NULL,NULL,NULL,NULL,NULL,NULL,NULL,NULL,'2011-03-09 12:20:05','2011-03-09 12:20:05',1,9,9,NULL,NULL),(11,NULL,NULL,NULL,NULL,NULL,NULL,NULL,NULL,NULL,'2011-03-09 12:25:09','2011-03-09 12:25:09',1,9,9,NULL,NULL),(12,NULL,NULL,NULL,NULL,NULL,NULL,NULL,NULL,NULL,'2011-03-09 12:47:01','2011-03-09 12:47:01',1,9,9,NULL,NULL),(13,NULL,NULL,NULL,NULL,NULL,NULL,NULL,NULL,NULL,'2011-03-09 12:47:47','2011-03-09 12:47:47',1,9,9,NULL,NULL),(14,NULL,NULL,NULL,NULL,NULL,NULL,NULL,NULL,NULL,'2011-03-09 12:48:28','2011-03-09 12:48:28',1,9,9,NULL,NULL),(15,NULL,NULL,NULL,NULL,NULL,NULL,NULL,NULL,NULL,'2011-03-09 12:50:54','2011-03-09 12:50:54',1,9,9,NULL,NULL),(16,NULL,NULL,NULL,NULL,NULL,NULL,NULL,NULL,NULL,'2011-03-09 13:01:58','2011-03-09 13:01:58',1,8,8,NULL,NULL),(17,NULL,NULL,NULL,NULL,NULL,NULL,NULL,NULL,NULL,'2011-03-09 13:02:25','2011-03-09 13:02:25',1,8,8,NULL,NULL),(18,NULL,NULL,NULL,NULL,NULL,NULL,NULL,NULL,NULL,'2011-03-10 19:51:51','2011-03-10 19:51:51',1,8,8,NULL,NULL),(19,NULL,NULL,NULL,NULL,NULL,NULL,NULL,NULL,NULL,'2011-03-10 20:33:57','2011-03-10 20:33:57',1,9,9,NULL,NULL),(20,NULL,NULL,NULL,NULL,NULL,NULL,NULL,NULL,NULL,'2011-03-11 13:13:29','2011-03-11 13:13:29',1,9,9,NULL,NULL),(21,NULL,NULL,NULL,NULL,NULL,NULL,NULL,NULL,NULL,'2011-03-11 13:19:14','2011-03-11 13:19:14',1,8,8,NULL,NULL),(22,NULL,NULL,NULL,NULL,NULL,NULL,NULL,NULL,NULL,'2011-03-11 13:28:32','2011-03-11 13:28:32',1,9,8,NULL,NULL),(23,NULL,NULL,NULL,NULL,NULL,NULL,NULL,NULL,NULL,'2011-03-11 19:38:45','2011-03-11 19:38:45',1,9,8,NULL,NULL),(24,NULL,NULL,NULL,NULL,NULL,NULL,NULL,NULL,NULL,'2011-03-11 22:55:43','2011-03-11 22:55:43',1,9,8,NULL,NULL),(25,NULL,NULL,NULL,NULL,NULL,NULL,NULL,NULL,NULL,'2011-03-11 22:58:19','2011-03-11 22:58:19',1,9,8,NULL,NULL),(26,NULL,NULL,NULL,NULL,NULL,NULL,NULL,NULL,NULL,'2011-03-11 23:12:21','2011-03-11 23:12:21',1,9,8,NULL,NULL),(27,NULL,NULL,NULL,NULL,NULL,NULL,NULL,NULL,NULL,'2011-03-11 23:20:55','2011-03-11 23:20:55',1,9,8,NULL,NULL),(28,NULL,NULL,NULL,NULL,NULL,NULL,NULL,NULL,NULL,'2011-03-11 23:23:15','2011-03-11 23:23:15',1,9,8,NULL,NULL),(29,NULL,NULL,NULL,NULL,NULL,NULL,NULL,NULL,NULL,'2011-03-11 23:23:53','2011-03-11 23:23:53',1,9,8,NULL,NULL),(30,NULL,NULL,NULL,NULL,NULL,NULL,NULL,NULL,NULL,'2011-03-11 23:31:12','2011-03-11 23:31:12',1,9,8,NULL,NULL),(31,NULL,NULL,NULL,NULL,NULL,NULL,NULL,NULL,NULL,'2011-03-12 00:06:24','2011-03-12 00:06:24',1,9,8,NULL,NULL),(32,NULL,NULL,NULL,NULL,NULL,NULL,NULL,NULL,NULL,'2011-03-12 00:07:46','2011-03-12 00:07:46',1,9,8,NULL,NULL),(33,NULL,NULL,NULL,NULL,NULL,NULL,NULL,NULL,NULL,'2011-03-12 00:11:10','2011-03-12 00:11:10',1,9,8,NULL,NULL),(34,NULL,NULL,NULL,NULL,NULL,NULL,NULL,NULL,NULL,'2011-03-12 00:13:15','2011-03-12 00:13:15',1,9,8,NULL,NULL),(35,NULL,NULL,NULL,NULL,NULL,NULL,NULL,NULL,NULL,'2011-03-12 00:18:25','2011-03-12 00:18:25',1,9,8,NULL,NULL),(36,NULL,NULL,NULL,NULL,NULL,NULL,NULL,NULL,NULL,'2011-03-12 00:21:38','2011-03-12 00:21:38',1,9,8,NULL,NULL),(37,NULL,NULL,NULL,NULL,NULL,NULL,NULL,NULL,NULL,'2011-03-12 22:31:48','2011-03-12 22:31:48',1,9,8,NULL,NULL),(38,NULL,NULL,NULL,NULL,NULL,NULL,NULL,NULL,NULL,'2011-03-12 23:15:32','2011-03-12 23:15:32',1,9,8,NULL,NULL),(39,NULL,NULL,NULL,NULL,NULL,NULL,NULL,NULL,NULL,'2011-03-12 23:19:54','2011-03-12 23:19:54',1,9,8,NULL,NULL),(40,NULL,NULL,NULL,NULL,NULL,NULL,NULL,0,'','2011-03-12 23:27:21','2011-03-13 01:30:41',1,9,8,NULL,NULL),(41,NULL,NULL,NULL,NULL,NULL,NULL,NULL,NULL,NULL,'2011-03-13 01:32:14','2011-03-13 01:32:14',1,9,8,NULL,NULL),(42,NULL,NULL,NULL,NULL,NULL,NULL,NULL,NULL,NULL,'2011-03-13 01:32:29','2011-03-13 01:32:29',1,9,8,NULL,NULL),(43,NULL,NULL,NULL,NULL,NULL,NULL,NULL,0,'','2011-03-13 02:37:44','2011-03-13 02:38:34',1,9,8,NULL,NULL),(44,NULL,NULL,NULL,NULL,NULL,NULL,NULL,NULL,NULL,'2011-03-13 03:30:21','2011-03-13 03:30:21',1,9,8,NULL,NULL),(45,NULL,NULL,NULL,NULL,NULL,NULL,NULL,NULL,NULL,'2011-03-13 03:54:57','2011-03-13 03:54:57',1,9,8,NULL,NULL),(46,NULL,NULL,NULL,NULL,NULL,NULL,NULL,NULL,NULL,'2011-03-13 04:11:22','2011-03-13 04:11:22',1,9,8,NULL,NULL),(47,NULL,NULL,NULL,NULL,NULL,NULL,NULL,NULL,NULL,'2011-03-13 04:14:12','2011-03-13 04:14:12',1,9,8,NULL,NULL),(48,NULL,NULL,NULL,NULL,NULL,NULL,NULL,NULL,NULL,'2011-03-13 04:15:03','2011-03-13 04:15:03',1,9,8,NULL,NULL),(49,NULL,NULL,NULL,NULL,NULL,NULL,NULL,NULL,NULL,'2011-03-13 05:01:54','2011-03-13 05:01:54',1,9,8,NULL,NULL),(50,NULL,NULL,NULL,NULL,NULL,NULL,NULL,NULL,NULL,'2011-03-13 05:09:08','2011-03-13 05:09:08',1,9,8,NULL,NULL),(51,NULL,NULL,NULL,NULL,NULL,NULL,NULL,0,'','2011-03-13 05:18:44','2011-03-13 05:19:45',1,9,8,NULL,NULL),(52,NULL,NULL,NULL,NULL,NULL,NULL,NULL,NULL,NULL,'2011-03-13 05:26:09','2011-03-13 05:26:09',1,9,8,NULL,NULL),(53,NULL,NULL,NULL,NULL,NULL,NULL,NULL,NULL,NULL,'2011-03-13 05:31:28','2011-03-13 05:31:28',1,9,8,NULL,NULL),(54,NULL,NULL,NULL,NULL,NULL,NULL,NULL,0,'','2011-03-13 05:31:39','2011-03-13 05:32:43',1,9,8,NULL,NULL),(55,NULL,NULL,NULL,NULL,NULL,NULL,NULL,NULL,NULL,'2011-03-13 05:47:23','2011-03-13 05:47:23',1,9,8,NULL,NULL),(56,NULL,NULL,NULL,NULL,NULL,NULL,NULL,NULL,NULL,'2011-03-13 05:49:31','2011-03-13 05:49:31',1,9,8,NULL,NULL),(57,NULL,NULL,NULL,NULL,NULL,NULL,NULL,0,'','2011-03-13 05:58:09','2011-03-13 05:58:26',1,9,8,NULL,NULL),(58,NULL,NULL,NULL,NULL,NULL,NULL,NULL,0,'','2011-03-13 06:51:21','2011-03-13 06:51:48',1,9,8,NULL,NULL),(59,NULL,NULL,NULL,NULL,NULL,NULL,NULL,NULL,NULL,'2011-03-13 06:54:09','2011-03-13 06:54:09',1,9,8,NULL,NULL),(60,NULL,NULL,NULL,NULL,NULL,NULL,NULL,NULL,NULL,'2011-03-13 07:01:21','2011-03-13 07:01:21',1,9,8,NULL,NULL),(61,NULL,NULL,NULL,NULL,NULL,NULL,NULL,0,'','2011-03-13 07:15:48','2011-03-13 07:16:13',1,9,8,NULL,NULL),(62,NULL,NULL,NULL,NULL,NULL,NULL,NULL,NULL,NULL,'2011-03-13 07:29:45','2011-03-13 07:29:45',1,9,8,NULL,NULL),(63,NULL,NULL,NULL,NULL,NULL,NULL,NULL,NULL,NULL,'2011-03-13 07:33:54','2011-03-13 07:33:54',1,9,8,NULL,NULL),(64,NULL,NULL,NULL,NULL,NULL,NULL,NULL,0,'','2011-03-13 07:34:57','2011-03-13 07:38:32',1,9,8,NULL,NULL),(65,NULL,NULL,NULL,NULL,NULL,NULL,NULL,NULL,NULL,'2011-03-14 23:27:33','2011-03-14 23:27:33',1,9,8,NULL,NULL),(66,NULL,NULL,NULL,NULL,NULL,NULL,NULL,NULL,NULL,'2011-03-15 00:45:49','2011-03-15 00:45:49',1,9,8,NULL,NULL),(67,NULL,NULL,NULL,NULL,NULL,NULL,NULL,NULL,NULL,'2011-03-15 00:47:34','2011-03-15 00:47:34',1,9,8,NULL,NULL),(68,NULL,NULL,NULL,NULL,NULL,NULL,NULL,NULL,NULL,'2011-03-15 00:48:26','2011-03-15 00:48:26',1,9,8,NULL,NULL),(69,NULL,NULL,NULL,NULL,NULL,NULL,NULL,NULL,NULL,'2011-03-15 00:49:18','2011-03-15 00:49:18',1,9,8,NULL,NULL),(70,NULL,NULL,NULL,NULL,NULL,NULL,NULL,NULL,NULL,'2011-03-15 00:49:57','2011-03-15 00:49:57',1,9,8,NULL,NULL),(71,NULL,NULL,NULL,NULL,NULL,NULL,NULL,NULL,NULL,'2011-03-15 00:53:37','2011-03-15 00:53:37',1,9,8,NULL,NULL),(72,NULL,NULL,NULL,NULL,NULL,NULL,NULL,NULL,NULL,'2011-03-15 00:54:10','2011-03-15 00:54:10',1,9,8,NULL,NULL),(73,NULL,NULL,NULL,NULL,NULL,NULL,NULL,NULL,NULL,'2011-03-15 00:55:14','2011-03-15 00:55:14',1,9,8,NULL,NULL),(74,NULL,NULL,NULL,NULL,NULL,NULL,NULL,NULL,NULL,'2011-03-15 00:56:45','2011-03-15 00:56:45',1,9,8,NULL,NULL),(75,NULL,NULL,NULL,NULL,NULL,NULL,NULL,NULL,NULL,'2011-03-15 00:57:52','2011-03-15 00:57:52',1,9,8,NULL,NULL),(76,NULL,NULL,NULL,NULL,NULL,NULL,NULL,NULL,NULL,'2011-03-15 01:01:14','2011-03-15 01:01:14',1,9,8,NULL,NULL),(77,NULL,NULL,NULL,NULL,NULL,NULL,NULL,NULL,NULL,'2011-03-15 01:01:48','2011-03-15 01:01:48',1,9,8,NULL,NULL),(78,NULL,NULL,NULL,NULL,NULL,NULL,NULL,NULL,NULL,'2011-03-15 01:05:28','2011-03-15 01:05:28',1,9,8,NULL,NULL),(79,NULL,NULL,NULL,NULL,NULL,NULL,NULL,NULL,NULL,'2011-03-15 01:06:04','2011-03-15 01:06:04',1,9,8,NULL,NULL),(80,NULL,NULL,NULL,NULL,NULL,NULL,NULL,NULL,NULL,'2011-03-15 01:08:42','2011-03-15 01:08:42',1,9,8,NULL,NULL),(81,NULL,NULL,NULL,NULL,NULL,NULL,NULL,NULL,NULL,'2011-03-15 01:14:26','2011-03-15 01:14:26',1,9,8,NULL,NULL),(82,NULL,NULL,NULL,NULL,NULL,NULL,NULL,NULL,NULL,'2011-03-15 01:43:36','2011-03-15 01:43:36',1,9,8,NULL,NULL),(83,NULL,2,NULL,2,NULL,4,55,1,NULL,'2011-03-16 07:10:01','2011-03-16 07:11:07',1,9,8,NULL,1),(84,NULL,1,NULL,NULL,2,3,35,0,NULL,'2011-03-16 07:24:03','2011-03-16 07:24:50',1,9,8,NULL,NULL),(85,NULL,2,1,NULL,NULL,3,69,0,NULL,'2011-03-16 07:27:00','2011-03-16 07:27:45',1,9,8,NULL,1),(86,NULL,NULL,NULL,2,1,3,59,0,NULL,'2011-03-16 07:38:58','2011-03-16 07:39:38',1,9,8,NULL,1),(87,NULL,2,2,NULL,NULL,4,66,0,NULL,'2011-03-16 07:47:18','2011-03-16 07:48:05',1,9,8,NULL,1),(88,NULL,1,NULL,NULL,2,3,104,0,NULL,'2011-03-16 07:49:09','2011-03-16 07:50:45',1,9,8,NULL,1),(89,NULL,NULL,NULL,NULL,NULL,NULL,NULL,NULL,NULL,'2011-03-16 07:56:19','2011-03-16 07:56:19',1,9,8,NULL,NULL),(90,NULL,1,NULL,NULL,NULL,1,44,1,NULL,'2011-03-16 07:57:46','2011-03-16 07:58:19',1,9,8,NULL,NULL),(91,NULL,NULL,2,NULL,NULL,2,25,0,NULL,'2011-03-16 07:58:50','2011-03-16 07:59:21',1,9,8,NULL,1),(92,NULL,NULL,NULL,NULL,NULL,NULL,NULL,NULL,NULL,'2011-03-17 18:44:11','2011-03-17 18:44:11',1,9,8,NULL,NULL),(93,NULL,2,NULL,NULL,2,4,73,0,NULL,'2011-03-17 18:53:05','2011-03-17 18:54:03',1,9,8,NULL,1),(94,NULL,2,NULL,NULL,NULL,2,90,0,NULL,'2011-03-17 20:13:03','2011-03-17 20:14:30',1,9,8,NULL,1),(95,NULL,3,NULL,2,NULL,5,150,0,NULL,'2011-03-17 20:18:35','2011-03-19 07:48:26',1,9,8,NULL,1),(96,NULL,2,NULL,1,NULL,3,36,0,NULL,'2011-03-19 07:37:40','2011-03-19 07:38:47',1,8,9,NULL,1),(97,NULL,NULL,NULL,NULL,NULL,NULL,NULL,NULL,NULL,'2011-03-20 07:05:35','2011-03-20 07:05:35',1,8,9,NULL,NULL),(98,NULL,NULL,NULL,NULL,NULL,NULL,NULL,NULL,NULL,'2011-03-20 07:15:57','2011-03-20 07:15:57',1,8,9,NULL,NULL),(99,NULL,NULL,NULL,NULL,NULL,NULL,NULL,NULL,NULL,'2011-03-20 07:30:15','2011-03-20 07:30:15',1,8,9,NULL,NULL),(100,NULL,NULL,2,NULL,1,3,103,0,NULL,'2011-03-20 07:34:31','2011-03-20 07:52:02',1,8,9,NULL,2),(101,NULL,NULL,NULL,NULL,NULL,NULL,NULL,NULL,NULL,'2011-03-20 08:02:09','2011-03-20 08:02:09',1,8,9,NULL,NULL),(102,NULL,2,NULL,NULL,1,3,47,0,NULL,'2011-03-20 08:10:47','2011-03-20 08:12:00',1,8,9,NULL,1),(103,NULL,NULL,NULL,NULL,NULL,NULL,NULL,0,NULL,'2011-03-21 03:21:12','2011-03-21 03:28:03',2,8,17,NULL,NULL),(104,NULL,NULL,NULL,NULL,NULL,NULL,NULL,0,NULL,'2011-03-21 03:21:22','2011-03-21 03:28:55',2,17,8,NULL,NULL),(105,NULL,NULL,NULL,NULL,NULL,NULL,NULL,NULL,NULL,'2011-04-02 00:45:14','2011-04-02 00:45:14',3,9,17,NULL,NULL),(106,NULL,NULL,NULL,NULL,NULL,NULL,NULL,NULL,NULL,'2011-04-02 01:10:34','2011-04-02 01:10:34',6,8,17,NULL,NULL),(107,NULL,NULL,NULL,NULL,NULL,NULL,NULL,NULL,NULL,'2011-04-02 01:10:41','2011-04-02 01:10:41',6,8,17,NULL,NULL),(108,NULL,NULL,NULL,NULL,NULL,NULL,NULL,NULL,NULL,'2011-04-02 01:13:40','2011-04-02 01:13:40',7,8,9,NULL,NULL),(109,NULL,NULL,NULL,NULL,NULL,NULL,NULL,NULL,NULL,'2011-04-02 01:13:53','2011-04-02 01:13:53',7,9,8,NULL,NULL),(110,NULL,NULL,NULL,NULL,NULL,NULL,NULL,NULL,NULL,'2011-04-02 06:20:20','2011-04-02 06:20:20',9,8,9,NULL,NULL),(111,NULL,NULL,NULL,NULL,NULL,NULL,NULL,NULL,NULL,'2011-04-02 06:20:32','2011-04-02 06:20:32',9,9,8,NULL,NULL);
UNLOCK TABLES;
/*!40000 ALTER TABLE `innings` ENABLE KEYS */;

--
-- Table structure for table `matches`
--

DROP TABLE IF EXISTS `matches`;
CREATE TABLE `matches` (
  `id` int(11) NOT NULL auto_increment,
  `played_on` date default NULL,
  `overs` int(11) default '20',
  `created_at` datetime default NULL,
  `updated_at` datetime default NULL,
  `how_many_innings` int(11) default '2',
  `toss_winner_id` int(11) default NULL,
  `team_batting_first_id` int(11) default NULL,
  `result_id` int(11) default NULL,
  `winner_id` int(11) default NULL,
  `tournament_id` int(11) default NULL,
  `team1_id` int(11) default NULL,
  `team2_id` int(11) default NULL,
  `venue_id` int(11) default NULL,
  `inning1_id` int(11) default NULL,
  `inning2_id` int(11) default NULL,
  PRIMARY KEY  (`id`)
) ENGINE=InnoDB DEFAULT CHARSET=latin1;

--
-- Dumping data for table `matches`
--


/*!40000 ALTER TABLE `matches` DISABLE KEYS */;
LOCK TABLES `matches` WRITE;
INSERT INTO `matches` VALUES (1,'2011-03-07',30,'2011-03-07 20:05:49','2011-03-21 03:22:37',2,9,9,NULL,8,NULL,7,9,1,95,102),(2,'2011-03-20',50,'2011-03-21 03:14:03','2011-03-21 03:21:22',2,8,8,NULL,NULL,NULL,8,17,1,103,104),(3,'2011-04-02',20,'2011-04-02 00:45:02','2011-04-02 00:45:14',2,9,9,NULL,9,1,9,17,1,105,NULL),(4,'2011-04-02',20,'2011-04-02 00:52:32','2011-04-02 00:58:38',2,9,9,NULL,9,1,7,17,1,NULL,NULL),(6,'2011-04-02',20,'2011-04-02 01:09:59','2011-04-02 01:10:41',2,8,8,NULL,8,1,8,17,1,107,NULL),(7,'2011-04-02',20,'2011-04-02 01:13:31','2011-04-02 01:14:05',2,8,8,NULL,8,1,7,9,1,108,109),(8,NULL,20,'2011-04-02 06:15:12','2011-04-02 06:15:12',2,8,8,NULL,NULL,1,8,17,NULL,NULL,NULL),(9,'2011-04-02',20,'2011-04-02 06:19:50','2011-04-02 06:20:33',2,8,8,NULL,9,1,9,8,1,110,111);
UNLOCK TABLES;
/*!40000 ALTER TABLE `matches` ENABLE KEYS */;

--
-- Table structure for table `organizations`
--

DROP TABLE IF EXISTS `organizations`;
CREATE TABLE `organizations` (
  `id` int(11) NOT NULL auto_increment,
  `name` varchar(255) default NULL,
  `admin` int(11) default NULL,
  `created_at` datetime default NULL,
  `updated_at` datetime default NULL,
  PRIMARY KEY  (`id`)
) ENGINE=InnoDB DEFAULT CHARSET=latin1;

--
-- Dumping data for table `organizations`
--


/*!40000 ALTER TABLE `organizations` DISABLE KEYS */;
LOCK TABLES `organizations` WRITE;
UNLOCK TABLES;
/*!40000 ALTER TABLE `organizations` ENABLE KEYS */;

--
-- Table structure for table `players`
--

DROP TABLE IF EXISTS `players`;
CREATE TABLE `players` (
  `id` int(11) NOT NULL auto_increment,
  `name` varchar(255) default NULL,
  `created_at` datetime default NULL,
  `updated_at` datetime default NULL,
  `team_id` int(11) default NULL,
  PRIMARY KEY  (`id`)
) ENGINE=InnoDB DEFAULT CHARSET=latin1;

--
-- Dumping data for table `players`
--


/*!40000 ALTER TABLE `players` DISABLE KEYS */;
LOCK TABLES `players` WRITE;
INSERT INTO `players` VALUES (1,'player1','2011-02-24 21:33:48','2011-02-24 21:33:48',NULL),(2,'Player1','2011-02-24 23:31:56','2011-02-24 23:31:56',NULL),(3,'Player2','2011-02-24 23:43:55','2011-02-24 23:43:55',NULL),(4,'player4','2011-02-24 23:48:59','2011-02-24 23:48:59',NULL),(5,'Player1of6','2011-02-25 03:07:20','2011-02-25 03:07:20',NULL),(6,'xxxx','2011-02-25 03:51:12','2011-02-25 03:51:12',NULL),(7,'7aaaa','2011-02-25 04:03:57','2011-02-25 04:03:57',NULL),(8,'7bbbb','2011-02-25 04:03:57','2011-02-25 04:03:57',NULL),(9,'','2011-02-25 04:03:57','2011-02-25 04:03:57',NULL),(10,'','2011-02-25 04:03:57','2011-02-25 04:03:57',NULL),(11,'','2011-02-25 04:03:57','2011-02-25 04:03:57',NULL),(12,'','2011-02-25 04:03:57','2011-02-25 04:03:57',NULL),(13,'','2011-02-25 04:03:57','2011-02-25 04:03:57',NULL),(14,'','2011-02-25 04:03:57','2011-02-25 04:03:57',NULL),(15,'','2011-02-25 04:03:57','2011-02-25 04:03:57',NULL),(16,'','2011-02-25 04:03:57','2011-02-25 04:03:57',NULL),(17,'7ssss','2011-02-25 04:03:57','2011-02-25 04:03:57',NULL),(18,'','2011-02-25 04:03:57','2011-02-25 04:03:57',NULL),(19,'','2011-02-25 04:03:57','2011-02-25 04:03:57',NULL),(20,'','2011-02-25 04:03:57','2011-02-25 04:03:57',NULL),(21,'','2011-02-25 04:03:57','2011-02-25 04:03:57',NULL),(22,'','2011-02-25 04:03:57','2011-02-25 04:03:57',NULL),(23,'','2011-02-25 04:03:57','2011-02-25 04:03:57',NULL),(24,'','2011-02-25 04:03:57','2011-02-25 04:03:57',NULL),(25,'','2011-02-25 04:03:57','2011-02-25 04:03:57',NULL),(26,'aaaa','2011-02-25 05:23:24','2011-02-25 05:23:24',NULL),(27,'bbb','2011-02-25 05:23:24','2011-02-25 05:23:44',NULL),(28,'Nirav','2011-02-25 05:23:24','2011-02-25 05:30:53',NULL),(29,'Sarvanan','2011-02-25 05:23:24','2011-02-25 05:23:24',NULL),(30,'Avijit','2011-02-25 05:23:24','2011-02-25 05:33:15',NULL),(31,'7fffffff','2011-02-25 05:23:24','2011-02-25 05:33:38',NULL),(32,'M Manik','2011-02-25 05:23:24','2011-02-25 05:23:24',NULL),(33,'','2011-02-25 05:23:24','2011-02-25 05:23:24',NULL),(34,'','2011-02-25 05:23:24','2011-02-25 05:23:24',NULL),(35,'','2011-02-25 05:23:24','2011-02-25 05:23:24',NULL),(36,'','2011-02-25 05:23:24','2011-02-25 05:23:24',NULL),(37,'','2011-02-25 05:23:24','2011-02-25 05:23:24',NULL),(38,'','2011-02-25 05:23:24','2011-02-25 05:23:24',NULL),(39,'','2011-02-25 05:23:24','2011-02-25 05:23:24',NULL),(40,'','2011-02-25 05:23:24','2011-02-25 05:23:24',NULL),(41,'','2011-02-25 05:23:24','2011-02-25 05:23:24',NULL),(42,'','2011-02-25 05:23:24','2011-02-25 05:23:24',NULL),(43,'','2011-02-25 05:23:24','2011-02-25 05:23:24',NULL),(44,'','2011-02-25 05:23:24','2011-02-25 05:23:24',NULL),(45,'V Sehwag','2011-02-25 21:16:26','2011-02-25 21:16:26',8),(46,'S Tendulkar','2011-02-25 21:16:27','2011-02-25 21:16:27',8),(47,'G Gambhir','2011-02-25 21:16:27','2011-02-25 21:16:27',8),(48,'V Kohli','2011-02-25 21:16:27','2011-02-25 21:16:27',8),(49,'Yusuf Pathan','2011-02-25 21:16:27','2011-02-25 21:16:27',8),(50,'Yuvraj SIngh','2011-02-25 21:16:27','2011-02-25 21:16:27',8),(51,'MS Dhoni','2011-02-25 21:16:27','2011-02-25 21:16:27',8),(52,'Harbhajan Singh','2011-02-25 21:16:27','2011-02-25 21:16:27',8),(53,'Zaheer Khan','2011-02-25 21:16:27','2011-02-25 21:16:27',8),(54,'S Sreesanth','2011-02-25 21:16:27','2011-02-25 21:16:27',8),(55,'Munaf Patel','2011-02-25 21:16:27','2011-02-25 21:16:27',8),(56,'','2011-02-25 21:16:27','2011-02-25 21:16:27',NULL),(57,'','2011-02-25 21:16:27','2011-02-25 21:16:27',NULL),(58,'','2011-02-25 21:16:27','2011-02-25 21:16:27',NULL),(59,'','2011-02-25 21:16:27','2011-02-25 21:16:27',NULL),(60,'','2011-02-25 21:16:27','2011-02-25 21:16:27',NULL),(61,'','2011-02-25 21:16:27','2011-02-25 21:16:27',NULL),(62,'','2011-02-25 21:16:27','2011-02-25 21:16:27',NULL),(63,'','2011-02-25 21:16:27','2011-02-25 21:16:27',NULL),(64,'Tamim Iqbal','2011-02-25 21:19:12','2011-02-25 21:19:12',9),(65,'Imrul Kayes','2011-02-25 21:19:12','2011-02-25 21:19:12',9),(66,'Junaid SIddique','2011-02-25 21:19:12','2011-02-25 21:19:12',9),(67,'Shakib Al Hasan','2011-02-25 21:19:12','2011-02-25 21:19:12',9),(68,'Mushafiqur Rahim','2011-02-25 21:19:12','2011-02-25 21:19:12',9),(69,'Raqibul Hasan','2011-02-25 21:19:12','2011-02-25 21:19:12',9),(70,'Mahmudullah','2011-02-25 21:19:12','2011-02-25 21:19:12',9),(71,'Naeem Islam','2011-02-25 21:19:12','2011-02-25 21:19:12',9),(72,'Abdur Razzak','2011-02-25 21:19:12','2011-02-25 21:19:12',9),(73,'Shafiul Islam','2011-02-25 21:19:12','2011-02-25 21:19:12',9),(74,'Rubel Hossain','2011-02-25 21:19:12','2011-02-25 21:19:12',9),(75,'','2011-02-25 21:19:12','2011-02-25 21:19:12',NULL),(76,'','2011-02-25 21:19:12','2011-02-25 21:19:12',NULL),(77,'','2011-02-25 21:19:12','2011-02-25 21:19:12',NULL),(78,'','2011-02-25 21:19:12','2011-02-25 21:19:12',NULL),(79,'','2011-02-25 21:19:12','2011-02-25 21:19:12',NULL),(80,'','2011-02-25 21:19:12','2011-02-25 21:19:12',NULL),(81,'','2011-02-25 21:19:12','2011-02-25 21:19:12',NULL),(82,'','2011-02-25 21:19:12','2011-02-25 21:19:12',NULL),(83,'One','2011-02-26 07:04:19','2011-02-26 07:04:53',10),(84,'','2011-02-26 07:04:19','2011-02-26 07:04:53',10),(85,'','2011-02-26 07:04:19','2011-02-26 07:04:53',10),(86,'','2011-02-26 07:04:19','2011-02-26 07:04:53',10),(87,'','2011-02-26 07:04:19','2011-02-26 07:04:53',10),(88,'','2011-02-26 07:04:19','2011-02-26 07:04:53',10),(89,'Ten','2011-02-26 07:04:19','2011-02-26 07:05:05',10),(90,'','2011-02-26 07:04:19','2011-02-26 07:04:53',10),(91,'','2011-02-26 07:04:19','2011-02-26 07:04:53',10),(92,'','2011-02-26 07:04:19','2011-02-26 07:04:53',10),(93,'','2011-02-26 07:04:19','2011-02-26 07:04:53',10),(94,'','2011-02-26 07:04:20','2011-02-26 07:04:53',10),(95,'','2011-02-26 07:04:20','2011-02-26 07:04:53',10),(96,'','2011-02-26 07:04:20','2011-02-26 07:04:53',10),(97,'','2011-02-26 07:04:20','2011-02-26 07:04:53',10),(98,'','2011-02-26 07:04:20','2011-02-26 07:04:53',10),(99,'','2011-02-26 07:04:20','2011-02-26 07:04:53',10),(100,'','2011-02-26 07:04:20','2011-02-26 07:04:53',10),(101,'','2011-02-26 07:04:20','2011-02-26 07:04:53',10),(102,'','2011-02-26 07:04:20','2011-02-26 07:04:53',10),(103,NULL,'2011-03-13 06:38:29','2011-03-13 06:38:29',11),(104,NULL,'2011-03-13 06:38:29','2011-03-13 06:38:29',11),(105,NULL,'2011-03-13 06:38:29','2011-03-13 06:38:29',11),(106,NULL,'2011-03-13 06:38:29','2011-03-13 06:38:29',11),(107,NULL,'2011-03-13 06:38:29','2011-03-13 06:38:29',11),(108,NULL,'2011-03-13 06:38:29','2011-03-13 06:38:29',11),(109,NULL,'2011-03-13 06:38:29','2011-03-13 06:38:29',11),(110,NULL,'2011-03-13 06:38:30','2011-03-13 06:38:30',11),(111,NULL,'2011-03-13 06:38:30','2011-03-13 06:38:30',11),(112,NULL,'2011-03-13 06:38:30','2011-03-13 06:38:30',11),(113,NULL,'2011-03-13 06:38:30','2011-03-13 06:38:30',11),(114,NULL,'2011-03-13 06:38:30','2011-03-13 06:38:30',11),(115,NULL,'2011-03-13 06:38:30','2011-03-13 06:38:30',11),(116,NULL,'2011-03-13 06:38:30','2011-03-13 06:38:30',11),(117,NULL,'2011-03-13 06:38:30','2011-03-13 06:38:30',11),(118,NULL,'2011-03-13 06:38:30','2011-03-13 06:38:30',11),(119,NULL,'2011-03-13 06:38:30','2011-03-13 06:38:30',11),(120,NULL,'2011-03-13 06:38:30','2011-03-13 06:38:30',11),(121,NULL,'2011-03-13 06:38:30','2011-03-13 06:38:30',11),(122,NULL,'2011-03-13 06:38:30','2011-03-13 06:38:30',11),(123,NULL,'2011-03-16 06:37:43','2011-03-16 06:37:43',13),(124,NULL,'2011-03-16 06:37:43','2011-03-16 06:37:43',13),(125,NULL,'2011-03-16 06:37:43','2011-03-16 06:37:43',13),(126,NULL,'2011-03-16 06:37:43','2011-03-16 06:37:43',13),(127,NULL,'2011-03-16 06:37:43','2011-03-16 06:37:43',13),(128,NULL,'2011-03-16 06:37:43','2011-03-16 06:37:43',13),(129,NULL,'2011-03-16 06:37:43','2011-03-16 06:37:43',13),(130,NULL,'2011-03-16 06:37:43','2011-03-16 06:37:43',13),(131,NULL,'2011-03-16 06:37:43','2011-03-16 06:37:43',13),(132,NULL,'2011-03-16 06:37:43','2011-03-16 06:37:43',13),(133,NULL,'2011-03-16 06:37:43','2011-03-16 06:37:43',13),(134,NULL,'2011-03-16 06:37:43','2011-03-16 06:37:43',13),(135,NULL,'2011-03-16 06:37:43','2011-03-16 06:37:43',13),(136,NULL,'2011-03-16 06:37:43','2011-03-16 06:37:43',13),(137,NULL,'2011-03-16 06:37:43','2011-03-16 06:37:43',13),(138,NULL,'2011-03-16 06:37:44','2011-03-16 06:37:44',13),(139,NULL,'2011-03-16 06:37:44','2011-03-16 06:37:44',13),(140,NULL,'2011-03-16 06:37:44','2011-03-16 06:37:44',13),(141,NULL,'2011-03-16 06:37:44','2011-03-16 06:37:44',13),(142,NULL,'2011-03-16 06:37:44','2011-03-16 06:37:44',13),(143,NULL,'2011-03-20 17:23:09','2011-03-20 17:23:09',14),(144,NULL,'2011-03-20 17:23:09','2011-03-20 17:23:09',14),(145,NULL,'2011-03-20 17:23:09','2011-03-20 17:23:09',14),(146,NULL,'2011-03-20 17:23:09','2011-03-20 17:23:09',14),(147,NULL,'2011-03-20 17:23:09','2011-03-20 17:23:09',14),(148,NULL,'2011-03-20 17:23:09','2011-03-20 17:23:09',14),(149,NULL,'2011-03-20 17:23:10','2011-03-20 17:23:10',14),(150,NULL,'2011-03-20 17:23:10','2011-03-20 17:23:10',14),(151,NULL,'2011-03-20 17:23:10','2011-03-20 17:23:10',14),(152,NULL,'2011-03-20 17:23:10','2011-03-20 17:23:10',14),(153,NULL,'2011-03-20 17:23:10','2011-03-20 17:23:10',14),(154,NULL,'2011-03-20 17:23:10','2011-03-20 17:23:10',14),(155,NULL,'2011-03-20 17:23:10','2011-03-20 17:23:10',14),(156,NULL,'2011-03-20 17:23:10','2011-03-20 17:23:10',14),(157,NULL,'2011-03-20 17:23:10','2011-03-20 17:23:10',14),(158,NULL,'2011-03-20 17:23:10','2011-03-20 17:23:10',14),(159,NULL,'2011-03-20 17:23:10','2011-03-20 17:23:10',14),(160,NULL,'2011-03-20 17:23:10','2011-03-20 17:23:10',14),(161,NULL,'2011-03-20 17:23:10','2011-03-20 17:23:10',14),(162,NULL,'2011-03-20 17:23:10','2011-03-20 17:23:10',14),(163,NULL,'2011-03-20 17:24:14','2011-03-20 17:24:14',15),(164,NULL,'2011-03-20 17:24:14','2011-03-20 17:24:14',15),(165,NULL,'2011-03-20 17:24:14','2011-03-20 17:24:14',15),(166,NULL,'2011-03-20 17:24:14','2011-03-20 17:24:14',15),(167,NULL,'2011-03-20 17:24:14','2011-03-20 17:24:14',15),(168,NULL,'2011-03-20 17:24:15','2011-03-20 17:24:15',15),(169,NULL,'2011-03-20 17:24:15','2011-03-20 17:24:15',15),(170,NULL,'2011-03-20 17:24:15','2011-03-20 17:24:15',15),(171,NULL,'2011-03-20 17:24:15','2011-03-20 17:24:15',15),(172,NULL,'2011-03-20 17:24:15','2011-03-20 17:24:15',15),(173,NULL,'2011-03-20 17:24:15','2011-03-20 17:24:15',15),(174,NULL,'2011-03-20 17:24:15','2011-03-20 17:24:15',15),(175,NULL,'2011-03-20 17:24:15','2011-03-20 17:24:15',15),(176,NULL,'2011-03-20 17:24:15','2011-03-20 17:24:15',15),(177,NULL,'2011-03-20 17:24:15','2011-03-20 17:24:15',15),(178,NULL,'2011-03-20 17:24:15','2011-03-20 17:24:15',15),(179,NULL,'2011-03-20 17:24:15','2011-03-20 17:24:15',15),(180,NULL,'2011-03-20 17:24:15','2011-03-20 17:24:15',15),(181,NULL,'2011-03-20 17:24:15','2011-03-20 17:24:15',15),(182,NULL,'2011-03-20 17:24:15','2011-03-20 17:24:15',15),(183,NULL,'2011-03-20 19:21:48','2011-03-20 19:21:48',16),(184,NULL,'2011-03-20 19:21:48','2011-03-20 19:21:48',16),(185,NULL,'2011-03-20 19:21:48','2011-03-20 19:21:48',16),(186,NULL,'2011-03-20 19:21:48','2011-03-20 19:21:48',16),(187,NULL,'2011-03-20 19:21:48','2011-03-20 19:21:48',16),(188,NULL,'2011-03-20 19:21:48','2011-03-20 19:21:48',16),(189,NULL,'2011-03-20 19:21:49','2011-03-20 19:21:49',16),(190,NULL,'2011-03-20 19:21:49','2011-03-20 19:21:49',16),(191,NULL,'2011-03-20 19:21:49','2011-03-20 19:21:49',16),(192,NULL,'2011-03-20 19:21:49','2011-03-20 19:21:49',16),(193,NULL,'2011-03-20 19:21:49','2011-03-20 19:21:49',16),(194,NULL,'2011-03-20 19:21:49','2011-03-20 19:21:49',16),(195,NULL,'2011-03-20 19:21:49','2011-03-20 19:21:49',16),(196,NULL,'2011-03-20 19:21:49','2011-03-20 19:21:49',16),(197,NULL,'2011-03-20 19:21:49','2011-03-20 19:21:49',16),(198,NULL,'2011-03-20 19:21:49','2011-03-20 19:21:49',16),(199,NULL,'2011-03-20 19:21:49','2011-03-20 19:21:49',16),(200,NULL,'2011-03-20 19:21:49','2011-03-20 19:21:49',16),(201,NULL,'2011-03-20 19:21:49','2011-03-20 19:21:49',16),(202,NULL,'2011-03-20 19:21:49','2011-03-20 19:21:49',16),(203,'DS Smith','2011-03-21 03:02:35','2011-03-21 03:04:42',17),(204,'KA Edwards','2011-03-21 03:02:35','2011-03-21 03:04:42',17),(205,'DM Bravo','2011-03-21 03:02:35','2011-03-21 03:04:42',17),(206,'RR Sarwan','2011-03-21 03:02:35','2011-03-21 03:04:42',17),(207,'KA Pollard','2011-03-21 03:02:35','2011-03-21 03:04:42',17),(208,'DC Thomas','2011-03-21 03:02:35','2011-03-21 03:04:42',17),(209,'DJG Sammy','2011-03-21 03:02:35','2011-03-21 03:04:42',17),(210,'AD Russell','2011-03-21 03:02:36','2011-03-21 03:04:42',17),(211,'SJ Benn','2011-03-21 03:02:36','2011-03-21 03:04:42',17),(212,'D Bishoo','2011-03-21 03:02:36','2011-03-21 03:04:42',17),(213,'R Rampaul','2011-03-21 03:02:36','2011-03-21 03:04:42',17),(214,'','2011-03-21 03:02:36','2011-03-21 03:04:42',17),(215,'','2011-03-21 03:02:36','2011-03-21 03:04:42',17),(216,'','2011-03-21 03:02:36','2011-03-21 03:04:42',17),(217,'','2011-03-21 03:02:36','2011-03-21 03:04:42',17),(218,'','2011-03-21 03:02:36','2011-03-21 03:04:42',17),(219,'','2011-03-21 03:02:36','2011-03-21 03:04:42',17),(220,'','2011-03-21 03:02:36','2011-03-21 03:04:42',17),(221,'','2011-03-21 03:02:36','2011-03-21 03:04:42',17),(222,'','2011-03-21 03:02:36','2011-03-21 03:04:42',17);
UNLOCK TABLES;
/*!40000 ALTER TABLE `players` ENABLE KEYS */;

--
-- Table structure for table `results`
--

DROP TABLE IF EXISTS `results`;
CREATE TABLE `results` (
  `id` int(11) NOT NULL auto_increment,
  `type` int(11) default NULL,
  `description` varchar(255) default NULL,
  `created_at` datetime default NULL,
  `updated_at` datetime default NULL,
  `winner_id` int(11) default NULL,
  PRIMARY KEY  (`id`)
) ENGINE=InnoDB DEFAULT CHARSET=latin1;

--
-- Dumping data for table `results`
--


/*!40000 ALTER TABLE `results` DISABLE KEYS */;
LOCK TABLES `results` WRITE;
UNLOCK TABLES;
/*!40000 ALTER TABLE `results` ENABLE KEYS */;

--
-- Table structure for table `schema_migrations`
--

DROP TABLE IF EXISTS `schema_migrations`;
CREATE TABLE `schema_migrations` (
  `version` varchar(255) NOT NULL,
  UNIQUE KEY `unique_schema_migrations` (`version`)
) ENGINE=InnoDB DEFAULT CHARSET=latin1;

--
-- Dumping data for table `schema_migrations`
--


/*!40000 ALTER TABLE `schema_migrations` DISABLE KEYS */;
LOCK TABLES `schema_migrations` WRITE;
INSERT INTO `schema_migrations` VALUES ('20110220042914'),('20110224002500'),('20110224010325'),('20110224010733'),('20110224012554'),('20110224014419'),('20110224014638'),('20110224015012'),('20110224020026'),('20110224022431'),('20110224025206'),('20110224171232'),('20110224171609'),('20110224171759'),('20110224171947'),('20110224172345'),('20110224172452'),('20110224172938'),('20110224173049'),('20110224173149'),('20110224173834'),('20110224173920'),('20110224174045'),('20110224175217'),('20110224175312'),('20110224184028'),('20110224190017'),('20110224190045'),('20110224190113'),('20110224190141'),('20110224190209'),('20110224190237'),('20110224190305'),('20110224190334'),('20110224190402'),('20110224190431'),('20110224190459'),('20110224190528'),('20110224190556'),('20110224190624'),('20110224190652'),('20110224190720'),('20110224190748'),('20110224190816'),('20110224190844'),('20110224190912'),('20110224191818'),('20110224191929'),('20110224192035'),('20110224192113'),('20110224220129'),('20110224221538'),('20110224222028'),('20110224222115'),('20110224222537'),('20110224224028'),('20110224224443'),('20110224225350'),('20110224225418'),('20110224225446'),('20110224225514'),('20110224225542'),('20110224225610'),('20110224225638'),('20110224225706'),('20110224225734'),('20110224225803'),('20110224225831'),('20110224225859'),('20110224225927'),('20110224225955'),('20110224230023'),('20110224230052'),('20110224230120'),('20110224230148'),('20110224230216'),('20110224230245'),('20110224230314'),('20110224230343'),('20110224232453'),('20110225001720'),('20110225001749'),('20110225001817'),('20110225001845'),('20110225001913'),('20110225001941'),('20110225002009'),('20110225002037'),('20110225002105'),('20110225002134'),('20110225002202'),('20110225002747'),('20110225002815'),('20110225002843'),('20110225002912'),('20110225002940'),('20110225003008'),('20110225003036'),('20110225003104'),('20110225003132'),('20110225024901'),('20110225024931'),('20110225025000'),('20110225025028'),('20110225025057'),('20110225025125'),('20110225025153'),('20110225025222'),('20110225025251'),('20110225025319'),('20110225025348'),('20110225025416'),('20110225025444'),('20110225025512'),('20110225025541'),('20110225025609'),('20110225025638'),('20110225025706'),('20110225025735'),('20110225025803'),('20110225233529'),('20110225233610'),('20110225235706'),('20110226060305'),('20110226060335'),('20110226060405'),('20110226060435'),('20110226060506'),('20110226060536'),('20110226060606'),('20110226060636'),('20110226060706'),('20110226060735'),('20110226060805'),('20110226060834'),('20110226060904'),('20110226060934'),('20110226061003'),('20110226061034'),('20110226061104'),('20110226061135'),('20110226061206'),('20110226061237'),('20110226064310'),('20110226174504'),('20110226174533'),('20110226174602'),('20110226174630'),('20110226174659'),('20110226174727'),('20110226174756'),('20110226174824'),('20110226174853'),('20110226174922'),('20110226174950'),('20110226175019'),('20110226175048'),('20110226175116'),('20110226175145'),('20110226175214'),('20110226175311'),('20110226175340'),('20110226175409'),('20110226175437'),('20110226175506'),('20110226175535'),('20110226175604'),('20110226175633'),('20110226175701'),('20110226175730'),('20110226175759'),('20110226181421'),('20110226181510'),('20110226193818'),('20110226194021'),('20110227020536'),('20110227020621'),('20110227025518'),('20110227025635'),('20110228050420'),('20110228050932'),('20110228052311'),('20110228053412'),('20110228053716'),('20110307194252'),('20110307194932'),('20110307195320'),('20110307195844'),('20110307231440'),('20110308002037'),('20110308002336'),('20110308012606'),('20110308014948'),('20110308015121'),('20110309020934'),('20110309064527'),('20110309110941'),('20110310201559'),('20110314235113'),('20110318230955'),('20110320233323'),('20110427103147');
UNLOCK TABLES;
/*!40000 ALTER TABLE `schema_migrations` ENABLE KEYS */;

--
-- Table structure for table `team_for_the_matches`
--

DROP TABLE IF EXISTS `team_for_the_matches`;
CREATE TABLE `team_for_the_matches` (
  `id` int(11) NOT NULL auto_increment,
  `team_id` int(11) default NULL,
  `match_id` int(11) default NULL,
  `player1_id` int(11) default NULL,
  `player2_id` int(11) default NULL,
  `player3_id` int(11) default NULL,
  `player4_id` int(11) default NULL,
  `player5_id` int(11) default NULL,
  `player6_id` int(11) default NULL,
  `player7_id` int(11) default NULL,
  `player8_id` int(11) default NULL,
  `player9_id` int(11) default NULL,
  `player10_id` int(11) default NULL,
  `player11_id` int(11) default NULL,
  `created_at` datetime default NULL,
  `updated_at` datetime default NULL,
  PRIMARY KEY  (`id`)
) ENGINE=InnoDB DEFAULT CHARSET=latin1;

--
-- Dumping data for table `team_for_the_matches`
--


/*!40000 ALTER TABLE `team_for_the_matches` DISABLE KEYS */;
LOCK TABLES `team_for_the_matches` WRITE;
UNLOCK TABLES;
/*!40000 ALTER TABLE `team_for_the_matches` ENABLE KEYS */;

--
-- Table structure for table `teams`
--

DROP TABLE IF EXISTS `teams`;
CREATE TABLE `teams` (
  `id` int(11) NOT NULL auto_increment,
  `name` varchar(255) default NULL,
  `created_at` datetime default NULL,
  `updated_at` datetime default NULL,
  PRIMARY KEY  (`id`)
) ENGINE=InnoDB DEFAULT CHARSET=latin1;

--
-- Dumping data for table `teams`
--


/*!40000 ALTER TABLE `teams` DISABLE KEYS */;
LOCK TABLES `teams` WRITE;
INSERT INTO `teams` VALUES (7,'New Team','2011-02-25 05:23:24','2011-02-25 05:23:24'),(8,'India','2011-02-25 21:16:27','2011-02-25 21:16:27'),(9,'Bangladesh','2011-02-25 21:19:12','2011-02-25 21:19:12'),(10,'Newest Team','2011-02-26 07:04:19','2011-02-26 07:04:53'),(11,NULL,'2011-03-13 06:38:29','2011-03-13 06:38:29'),(12,'Another Team','2011-03-16 06:28:26','2011-03-16 06:28:26'),(13,NULL,'2011-03-16 06:37:43','2011-03-16 06:37:43'),(14,NULL,'2011-03-20 17:23:09','2011-03-20 17:23:09'),(15,NULL,'2011-03-20 17:24:14','2011-03-20 17:24:14'),(16,NULL,'2011-03-20 19:21:48','2011-03-20 19:21:48'),(17,'West Indies','2011-03-21 03:02:35','2011-03-21 03:04:42');
UNLOCK TABLES;
/*!40000 ALTER TABLE `teams` ENABLE KEYS */;

--
-- Table structure for table `tournaments`
--

DROP TABLE IF EXISTS `tournaments`;
CREATE TABLE `tournaments` (
  `id` int(11) NOT NULL auto_increment,
  `name` varchar(255) default NULL,
  `created_at` datetime default NULL,
  `updated_at` datetime default NULL,
  PRIMARY KEY  (`id`)
) ENGINE=InnoDB DEFAULT CHARSET=latin1;

--
-- Dumping data for table `tournaments`
--


/*!40000 ALTER TABLE `tournaments` DISABLE KEYS */;
LOCK TABLES `tournaments` WRITE;
INSERT INTO `tournaments` VALUES (1,'Torrance Cricket League','2011-02-24 05:08:36','2011-03-05 00:23:04');
UNLOCK TABLES;
/*!40000 ALTER TABLE `tournaments` ENABLE KEYS */;

--
-- Table structure for table `users`
--

DROP TABLE IF EXISTS `users`;
CREATE TABLE `users` (
  `id` int(11) NOT NULL auto_increment,
  `userid` varchar(255) default NULL,
  `hashed_password` varchar(255) default NULL,
  `salt` varchar(255) default NULL,
  `name` varchar(255) default NULL,
  `email` varchar(255) default NULL,
  `phone_home` varchar(255) default NULL,
  `phone_cell` varchar(255) default NULL,
  `created_at` datetime default NULL,
  `updated_at` datetime default NULL,
  PRIMARY KEY  (`id`)
) ENGINE=InnoDB DEFAULT CHARSET=latin1;

--
-- Dumping data for table `users`
--


/*!40000 ALTER TABLE `users` DISABLE KEYS */;
LOCK TABLES `users` WRITE;
INSERT INTO `users` VALUES (3,'test','9518bf6e8c058add8511f2327f5fbfe49819f7789fa0e18e95f2d9cb2c7d7ac4','136513080.5251222701513278','test','test@test.com','','','2011-02-21 04:48:06','2011-02-21 04:48:06');
UNLOCK TABLES;
/*!40000 ALTER TABLE `users` ENABLE KEYS */;

--
-- Table structure for table `venues`
--

DROP TABLE IF EXISTS `venues`;
CREATE TABLE `venues` (
  `id` int(11) NOT NULL auto_increment,
  `name` varchar(255) default NULL,
  `created_at` datetime default NULL,
  `updated_at` datetime default NULL,
  PRIMARY KEY  (`id`)
) ENGINE=InnoDB DEFAULT CHARSET=latin1;

--
-- Dumping data for table `venues`
--


/*!40000 ALTER TABLE `venues` DISABLE KEYS */;
LOCK TABLES `venues` WRITE;
INSERT INTO `venues` VALUES (1,'Jefferson School','2011-03-05 22:55:57','2011-03-05 22:55:57');
UNLOCK TABLES;
/*!40000 ALTER TABLE `venues` ENABLE KEYS */;
/*!40103 SET TIME_ZONE=@OLD_TIME_ZONE */;

/*!40101 SET SQL_MODE=@OLD_SQL_MODE */;
/*!40014 SET FOREIGN_KEY_CHECKS=@OLD_FOREIGN_KEY_CHECKS */;
/*!40014 SET UNIQUE_CHECKS=@OLD_UNIQUE_CHECKS */;
/*!40101 SET CHARACTER_SET_CLIENT=@OLD_CHARACTER_SET_CLIENT */;
/*!40101 SET CHARACTER_SET_RESULTS=@OLD_CHARACTER_SET_RESULTS */;
/*!40101 SET COLLATION_CONNECTION=@OLD_COLLATION_CONNECTION */;
/*!40111 SET SQL_NOTES=@OLD_SQL_NOTES */;

